조합 이름,편의점,주요 상품,보조 상품(들),키워드 / 상황,카테고리,원문 URL (출처)
악마의 유혹 디저트,GS25,브라우니,"악마빙수, 아메리카노","스트레스 폭발, 당 충전, 우울할 때, 퇴근 후, 혼자만의 시간, 초콜릿 중독, 칼로리 폭탄, 꿀꿀할 때",디저트,[AI 생성]
매운맛 끝판왕,세븐일레븐,마라볶음면,"쿨피스, 삼각김밥 (참치마요)","극강의 매운맛, 스트레스 해소, 화나는 날, 땀 흘리며 먹기, 매운맛 도전, 위장 어택, 콧물 주의",라면/분식 조합,[AI 생성]
혼술족 안주,CU,닭껍질 튀김,"수제 맥주, 땅콩","혼술, 야식, 퇴근 후, 넷플릭스, 주말, 간단 안주, 맥주 친구, 나만의 시간",술안주/야식,[AI 생성]
든든한 아침 식사,공통,에그 샌드위치,"바나나 우유, 견과류","바쁜 아침, 간편 식사, 든든함, 출근길, 등굣길, 건강 챙기기, 에너지 충전",간편 식사,[AI 생성]
비오는 날의 낭만,GS25,김치전,"막걸리, 컵라면 (멸치맛)","비 오는 날, 파전, 막걸리, 빗소리, 센치한 날, 집에서, 따뜻함, 꿀꿀한 날씨",술안주/야식,[AI 생성]
캠핑 파이어 세트,CU,마시멜로우,"미니 화로, 장작, 쥐포","캠핑, 불멍, 겨울밤, 추억 만들기, 따뜻함, 캠프파이어, 친구들과, 가족과 함께",간식,[AI 생성]
월급날의 만찬,세븐일레븐,스테이크 도시락,"레드 와인, 고급 치즈","월급날, FLEX, 행복, 고급진 저녁, 나를 위한 선물, 수고했어, 특별한 날",도시락/프리미엄,[AI 생성]
시험 기간 버프,공통,에너지 드링크,"초콜릿, 커피","시험 기간, 밤샘, 졸음 방지, 집중력 향상, 벼락치기, 카페인, 정신 번쩍",음료/간식,[AI 생성]
눈 오는 날의 행복,CU,호빵 (단팥),"핫초코, 군고구마","눈 오는 날, 따뜻함, 겨울, 낭만, 달콤함, 포근함, 집에서, 창밖 구경",간식,[AI 생성]
숙취 해소 특공대,GS25,해장 라면 (얼큰),"이온 음료, 계란","숙취, 다음 날, 괴로움, 속 풀이, 해장, 얼큰함, 시원함, 살려줘",라면/분식 조합,[AI 생성]
심야 영화관,세븐일레븐,팝콘,"콜라, 나쵸","심야 영화, 혼영, 집에서, 주말, 팝콘 무비, 편안함, 힐링, 밤",간식,[AI 생성]
늦은 밤 야식,공통,족발,"맥주, 콜라겐 젤리","야식, 늦은 밤, 배고픔, 유혹, 포만감, 잠들기 전, 행복한 돼지, 꿀잠 예약",술안주/야식,[AI 생성]
공부하다 지칠 때,CU,젤리,"탄산수, 비타민","공부, 집중력 저하, 당 충전, 상큼함, 리프레시, 기분 전환, 졸음 퇴치",간식,[AI 생성]
장마철 눅눅함 극복,GS25,매콤 스낵 (신당동 떡볶이),"탄산 음료, 아이스크림","장마, 습함, 불쾌지수, 매콤함, 시원함, 기분 전환, 눅눅함 극복, 입맛 돋우기",간식,[AI 생성]
여행 떠나는 설렘,세븐일레븐,육포,"견과류, 생수","여행, 출발, 설렘, 차 안에서, 간편함, 든든함, 심심함 달래기, 드라이브",간식,[AI 생성]
퇴근 후 소확행,공통,수입 맥주,"치즈볼, 감자칩","퇴근, 지침, 위로, 맥주, 소확행, 혼술, 힐링, 나만의 시간",술안주/야식,[AI 생성]
게임 폐인 필수템,CU,에너지 드링크,"라면, 삼각김밥","게임, 밤샘, 에너지, 집중, 멈출 수 없어, 폐인 모드, 밤샘 각, 승리",음료/간편식사,[AI 생성]
미세먼지 탈출,GS25,생수,"배 도라지차, 마스크","미세먼지, 목 건강, 답답함, 청량함, 깔끔, 건강, 필수템, 깨끗",음료/건강,[AI 생성]
인싸템 도전,세븐일레븐,민트 초코 라떼,"와플, 쿠키","인싸, 트렌드, 호불호, 도전, 궁금, 인증샷, 달콤, 민초단",음료/디저트,[AI 생성]
알바생의 점심,공통,도시락,"컵라면, 요구르트","알바, 점심, 짧은 휴식, 든든, 허겁지겁, 에너지 충전, 힘내자, 워킹",도시락/간편식사,[AI 생성]
극강의 단짠,CU,솔티 카라멜 팝콘,"제로 콜라, 감자칩","단짠, 무한 흡입, 멈출 수 없어, 영화 감상, 주말, 스트레스 해소, 넷플릭스, 힐링",간식,[AI 생성]
불금 치맥,GS25,순살 치킨,"맥주 (4캔), 양념 소스","불금, 치맥, 퇴근, 자유, 해방, 주말 시작, 행복, 스트레스 해소",술안주/야식,[AI 생성]
나만의 힐링 타임,세븐일레븐,따뜻한 아메리카노,"마카롱, 책","휴식, 혼자, 조용함, 여유, 힐링, 따뜻함, 생각 정리, 나를 위한 시간",음료/디저트,[AI 생성]
입맛 없을 때,공통,비빔면,"삼각김밥 (전주비빔), 계란","입맛 없음, 매콤함, 새콤함, 간단함, 쓱싹, 여름, 더위, 간편한 식사",라면/분식 조합,[AI 생성]
혼자 떠나는 여행,CU,김밥,"물, 견과류바","혼행, 자유, 설렘, 즉흥, 간편, 든든, 풍경 감상, 나만의 시간",간편 식사,[AI 생성]
추억의 맛,GS25,옛날 과자 (꾀돌이),"우유, 사탕","추억, 어릴 적, 향수, 달콤, 아련함, 회상, 그때 그 시절, 시간 여행",간식,[AI 생성]
출근길 든든함,세븐일레븐,모닝빵,"커피, 잼","출근, 바쁨, 간단, 든든, 빠른 식사, 에너지, 워킹, 굿모닝",간편 식사,[AI 생성]
달콤한 휴식,공통,아이스크림 (월드콘),"탄산수, 초콜릿","휴식, 달콤, 시원, 행복, 당 충전, 더위 탈출, 잠깐의 여유, 꿀맛",디저트,[AI 생성]
이열치열 매운맛,CU,불닭볶음면,"쿨피스, 아이스크림","더위, 매운맛, 이열치열, 땀, 스트레스 해소, 극강의 맛, 도전, 화끈",라면/분식 조합,[AI 생성]
간단한 저녁 식사,GS25,참치마요 삼각김밥,"컵국 (미역국), 김치","저녁, 간단, 혼밥, 귀찮음, 든든, 빠른 식사, 가성비, 한 끼 해결",간편 식사,[AI 생성]
피크닉 필수템,세븐일레븐,샌드위치,"과일 주스, 돗자리","피크닉, 날씨 좋음, 야외, 데이트, 즐거움, 행복, 힐링, 자연",간편 식사,[AI 생성]
밤도깨비 야시장,공통,닭꼬치,"맥주, 핫바","밤, 야식, 서울, 나들이, 즐거움, 맛, 밤공기, 친구",술안주/야식,[AI 생성]
스트레스 해소 펀치,CU,매운 떡볶이,"쿨피스, 치즈","스트레스, 매운맛, 땀, 화끈, 해소, 통쾌, 짜증, 날려버려",라면/분식 조합,[AI 생성]
영화관 부럽지 않아,GS25,팝콘,"콜라, 오징어","영화, 집, 편안함, 간식, 즐거움, 주말, 혼영, 넷플릭스",간식,[AI 생성]
여행의 동반자,세븐일레븐,견과류,"물, 육포","여행, 차 안, 심심함, 간편, 든든, 에너지, 즐거움, 드라이브",간식,[AI 생성]
우울할 땐 당 충전,공통,초콜릿,"아메리카노, 마카롱","우울, 기분 전환, 달콤, 행복, 위로, 당 충전, 힐링, 나를 위한 선물",디저트,[AI 생성]
늦은 밤 게임 친구,CU,에너지 드링크,"라면, 과자","게임, 밤샘, 에너지, 집중, 멈출 수 없어, 폐인 모드, 밤샘 각, 승리",음료/간편식사,[AI 생성]
미세먼지 OUT,GS25,물,"배 도라지차, 마스크","미세먼지, 목 건강, 답답함, 청량함, 깔끔, 건강, 필수템, 깨끗",음료/건강,[AI 생성]
인싸 간식 도전,세븐일레븐,흑당 버블티,"마카롱, 쿠키","인싸, 트렌드, 달콤, 궁금, 인증샷, 맛있음, 독특함, 버블",음료/디저트,[AI 생성]
알바생의 야식,공통,라면,"삼각김밥, 음료수","알바, 밤, 허기, 에너지, 간편, 빠름, 든든, 힘내자",라면/간편식사,[AI 생성]
극강의 느끼함,CU,까르보 불닭볶음면,"체다 치즈, 마요네즈","느끼, 고소, 매콤, 멈출 수 없어, 중독, 칼로리 폭탄, 맛있으면 0칼로리, 꿀꿀",라면/분식 조합,[AI 생성]
혼술의 정석,GS25,수입 맥주,"나쵸, 살사 소스","혼술, 주말, 편안함, 자유, 넷플릭스, 영화 감상, 스트레스 해소, 힐링",술안주/야식,[AI 생성]
공허한 밤,세븐일레븐,아이스크림,"핫초코, 쿠키","공허, 외로움, 달콤함, 위로, 눈물, 센치, 밤, 우울",디저트,[AI 생성]
월요병 퇴치,공통,커피,"도넛, 에너지바","월요병, 출근, 피곤, 졸림, 극복, 활력, 힘내자, 카페인",음료/간식,[AI 생성]
새벽 감성 폭발,CU,컵라면,"김치, 삼각김밥","새벽, 감성, 배고픔, 야식, 라면, 혼자, 센치, 갬성",라면/간편식사,[AI 생성]
심플 이즈 베스트,GS25,물,"삶은 계란, 견과류","다이어트, 건강, 운동, 간단, 클린, 상쾌, 가벼움, 유지어터",간편 식사,[AI 생성]
크리스마스 분위기,세븐일레븐,케이크,"와인, 초","크리스마스, 연말, 분위기, 행복, 사랑, 축제, 파티, 따뜻함",디저트,[AI 생성]
입 안에서 펼쳐지는 우주,공통,별사탕,"사이다, 아이셔 껌","기분전환, 정신 번쩍, 달콤함, 청량함, 반짝반짝, 유치함, 동심, 우주여행",음료/간식,[AI 생성]
혼술 스테미나 UP 세트,GS25,매운 닭발,"에너지 드링크, 삶은 계란, 숙취해소제","혼술, 야근, 스트레스, 매운맛, 기력 없을 때, 다음날 출근, 혼자 불태우는 밤, 자취방",술안주/야식,[AI 증강]
영화관 부럽지 않은 집콕 세트,세븐일레븐,팝콘,"나쵸, 탄산 음료, 핫도그","주말, 집콕, 영화, 드라마, 넷플릭스, 편안함, 간식, 뒹굴뒹굴",간식/디저트,[AI 증강]
비 오는 날 파전 대신 세트,CU,김치전,"막걸리, 두부김치, 깻잎","비 오는 날, 센치, 파전, 막걸리, 집에서, 빗소리, 꿀꿀한 날씨, 전땡기는날",술안주/야식,[AI 증강]
초간단 캠핑 감성 세트,공통,숯불 닭꼬치,"마시멜로우, 나무젓가락, 부탄가스","캠핑, 불멍, 감성, 간단, 저녁, 여행, 바베큐, 친구",간식/디저트,[AI 증강]
월요병 극복 달콤 세트,GS25,모찌롤,"아메리카노, 초콜릿, 비타민","월요병, 우울, 달콤, 커피, 힘내, 회사, 극복, 당충전",간식/디저트,[AI 증강]
매운맛 마니아 도전 세트,세븐일레븐,불마왕볶음면,"쿨피스, 삼각김밥, 참치마요","매운맛, 도전, 극한, 스트레스, 땀, 눈물, 화끈, 챌린지",라면/분식 조합,[AI 증강]
나만의 작은 사치 세트,CU,수입 맥주 (4캔),"육포, 견과류, 치즈","혼술, 주말, 여유, 사치, 행복, 맥주, 안주, 나를 위한 선물",술안주/야식,[AI 증강]
밤샘 공부 각성 세트,공통,에너지 드링크,"커피, 졸음방지 껌, 초콜릿","시험, 밤샘, 공부, 각성, 집중, 졸음, 대학생, 카페인",기타,[AI 증강]
출근길 든든 아침 세트,GS25,삼각김밥,"바나나 우유, 삶은 계란, 요거트","아침, 출근, 든든, 간단, 바쁜 아침, 에너지, 직장인, 식사",간편식사,[AI 증강]
퇴근 후 힐링 맥주 세트,세븐일레븐,수제 맥주,"감자칩, 땅콩, 오징어","퇴근, 힐링, 맥주, 혼술, 스트레스 해소, 편안함, 나만의 시간, 휴식",술안주/야식,[AI 증강]
눈 오는 날 따뜻한 어묵 세트,CU,어묵,"핫팩, 붕어빵, 호빵","눈, 겨울, 따뜻, 어묵, 추위, 감성, 길거리, 포근",간식/디저트,[AI 증강]
이열치열 땀뻘뻘 세트,공통,열라면,"이온 음료, 아이스크림, 얼음 물","여름, 더위, 매운맛, 땀, 이열치열, 극복, 시원함, 청량",라면/분식 조합,[AI 증강]
입맛 없을 때 매콤 세트,GS25,비빔면,"만두, 김치, 열무김치","입맛 없음, 매콤, 새콤, 여름, 더위, 식욕, 잃어버린 입맛, 자극",라면/분식 조합,[AI 증강]
달콤한 휴식 충전 세트,세븐일레븐,마카롱,"따뜻한 우유, 쿠키, 초콜릿","휴식, 달콤, 충전, 에너지, 피로, 당, 위로, 나른함",간식/디저트,[AI 증강]
혼자 떠나는 즉흥 여행 세트,CU,참치 김밥,"물, 견과류, 초콜릿바","여행, 즉흥, 혼자, 자유, 설렘, 간편, 이동, 풍경",간편식사,[AI 증강]
월급날 기념 호사 세트,공통,스테이크 도시락,"와인, 고급 치즈, 탄산수","월급날, 기념, 호사, 행복, 사치, 축하, 보상, 근사함",간편식사,[AI 증강]
비오는 날 갬성 라면 세트,GS25,진짬뽕,"계란, 김치, 나무젓가락","비, 갬성, 라면, 따뜻함, 촉촉, 분위기, 혼밥, 빗소리",라면/분식 조합,[AI 증강]
입 안 가득 행복 도넛 세트,세븐일레븐,도넛,"커피, 우유, 아이스크림","행복, 달콤, 간식, 디저트, 커피, 아이들, 선물, 기분 전환",간식/디저트,[AI 증강]
늦은 밤 야식 치킨 세트,CU,조각 치킨,"맥주, 콜라, 양념 소스","야식, 치킨, 밤, 유혹, 칼로리, 포만감, 꿀맛, 행복",술안주/야식,[AI 증강]
피곤한 날 에너지 충전 세트,공통,핫식스,"초콜릿, 비타민, 견과류","피곤, 에너지, 충전, 활력, 아침, 점심, 오후, 졸음",기타,[AI 증강]
새벽 감성 폭발 라면 세트,GS25,틈새라면,"김밥, 치즈, 단무지","새벽, 감성, 라면, 야식, 매운맛, 눈물, 후회, 고독",라면/분식 조합,[AI 증강]
상큼 터지는 기분 전환 세트,세븐일레븐,탄산수,"레몬 슬라이스, 자몽 주스, 젤리","상큼, 기분 전환, 리프레시, 여름, 더위, 청량함, 활력, 에너지",기타,[AI 증강]
친구와 함께 즐거운 파티 세트,CU,피자,"맥주, 과자, 팝콘","파티, 친구, 즐거움, 웃음, 행복, 주말, 저녁, 게임",술안주/야식,[AI 증강]
혼자만의 조용한 독서 세트,공통,따뜻한 차,"쿠키, 책, 담요","독서, 조용, 휴식, 여유, 혼자, 감성, 따뜻함, 평화",기타,[AI 증강]
매콤달콤 환상 궁합 세트,GS25,떡볶이,"쿨피스, 김말이, 튀김","매콤, 달콤, 떡볶이, 환상, 궁합, 분식, 간식, 행복",라면/분식 조합,[AI 증강]
아이스크림 덕후 행복 세트,세븐일레븐,아이스크림,"과자, 초콜릿, 사탕","아이스크림, 달콤, 시원, 행복, 여름, 더위, 간식, 디저트",간식/디저트,[AI 증강]
든든한 한 끼 식사 세트,CU,도시락,"김치, 물, 컵라면","식사, 든든, 한 끼, 점심, 저녁, 간편, 혼밥, 직장인",간편식사,[AI 증강]
나른한 오후 달콤한 유혹 세트,공통,커피,"케이크, 도넛, 마카롱","나른, 오후, 달콤, 유혹, 커피, 디저트, 간식, 행복",간식/디저트,[AI 증강]
비 오는 날 따뜻한 국물 세트,GS25,오뎅,"김치, 단무지, 떡볶이","비, 따뜻, 국물, 오뎅, 빗소리, 촉촉, 감성, 위로",라면/분식 조합,[AI 증강]
간단한 혼술 안주 세트,세븐일레븐,쥐포,"맥주, 땅콩, 김","혼술, 간단, 안주, 맥주, 밤, 여유, 휴식, 혼자",술안주/야식,[AI 증강]
운동 후 단백질 보충 세트,CU,닭가슴살,"프로틴 음료, 견과류, 바나나","운동, 단백질, 보충, 건강, 다이어트, 활력, 에너지, 몸매",기타,[AI 증강]
시험 끝난 해방감 만끽 세트,공통,아이스크림 케이크,"탄산 음료, 과자, 젤리","시험, 해방, 자유, 행복, 달콤, 파티, 친구, 스트레스 해소",간식/디저트,[AI 증강]
출출한 밤 매콤한 유혹 세트,GS25,불닭볶음면,"치즈, 계란, 삼각김밥","출출, 밤, 매콤, 유혹, 야식, 라면, 스트레스 해소, 잠 안 올 때",라면/분식 조합,[AI 증강]
상쾌한 아침 시작 세트,세븐일레븐,샌드위치,"주스, 요거트, 과일","상쾌, 아침, 시작, 활력, 건강, 든든, 간편, 출근",간편식사,[AI 증강]
우울한 날 위로 세트,CU,초콜릿,"아이스크림, 쿠키, 따뜻한 우유","우울, 위로, 달콤, 행복, 눈물, 슬픔, 토닥토닥, 위안",간식/디저트,[AI 증강]
캠핑 파이어 매콤한 밤 세트,공통,소시지,"라면, 김치, 마시멜로우","캠핑, 밤, 불, 매콤, 라면, 감성, 친구, 추억",간편식사,[AI 증강]
혼자 먹는 고급 디저트 세트,GS25,프리미엄 케이크,"홍차, 마카롱, 고급 초콜릿","혼자, 고급, 디저트, 사치, 행복, 여유, 선물, 만족",간식/디저트,[AI 증강]
영화 보면서 냠냠 세트,세븐일레븐,팝콘,"콜라, 나쵸, 오징어","영화, 냠냠, 간식, 주말, 휴식, 즐거움, 편안함, 행복",간식/디저트,[AI 증강]
여름 밤 시원한 맥주 세트,CU,수입 맥주,"과자, 육포, 치즈","여름, 밤, 시원, 맥주, 더위, 휴식, 친구, 해변",술안주/야식,[AI 증강]
비오는 날 꿀꿀한 기분 달래기 세트,공통,초코케이크,"핫초코, 쿠키, 아이스크림","비, 우울, 달콤, 위로, 꿀꿀, 기분 전환, 행복, 간식",간식/디저트,[AI 증강]
매운맛으로 스트레스 날려버려 세트,GS25,불닭볶음면,"쿨피스, 삼각김밥, 계란찜","스트레스, 매운맛, 화끈, 눈물, 땀, 해소, 짜릿함, 극복",라면/분식 조합,[AI 증강]
나만의 작은 영화관 세트,세븐일레븐,팝콘,"콜라, 핫도그, 나쵸","영화, 주말, 집, 휴식, 간식, 즐거움, 편안함, 혼자",간식/디저트,[AI 증강]
심야의 괴식 도전 세트,CU,바밤바,"불닭볶음면, 참치마요 삼각김밥","심야, 괴식, 도전, 의외의 조합, 극한의 맛, 호기심, 밤, 후회",기타,[AI 증강]
든든한 아침 괴식 세트,공통,짜장라면,"딸기 우유, 소시지, 김치","아침, 괴식, 든든, 도전, 엽기, 호기심, 새로운 맛, 에너지",라면/분식 조합,[AI 증강]
고급 괴식 디저트 세트,GS25,아이스 아메리카노,"단팥빵, 김치 사발면","괴식, 디저트, 고급, 이상한 조합, 새로운 시도, 커피, 도전, 호기심",간식/디저트,[AI 증강]
월급날 FLEX 세트,공통,수입 맥주 (4캔),"육포, 나쵸, 수입 과자","월급날, 보상 심리, 스트레스 해소, 퇴근 후, 혼술, 넷플릭스, 소소한 행복, 통장 잔고",술안주/야식,[AI 증강]
비 오는 날 파전 세트,GS25,오징어 해물 파전 (냉동),"막걸리, 김치, 젓가락","비 오는 날, 파전, 막걸리, 집콕, 넷플릭스, 한국 드라마, 꿀꿀한 날씨, 촉촉한 낭만",냉동/간편식,[AI 증강]
야근 각성 세트,세븐일레븐,에너지 드링크,"핫식스, 커피 (믹스), 초콜릿","야근, 졸림, 집중력 향상, 카페인 충전, 피로, 당 충전, 회사, 상사, 마감 임박",음료/간식,[AI 증강]
혼자 캠핑 감성 세트,CU,숯불 닭꼬치,"소시지, 햇반, 김치, 물","혼자 캠핑, 미니 화로, 감성, 밤, 별, 고독, 힐링, 자연, 불멍",간편식/즉석조리,[AI 증강]
숙취 해소 끝판왕 세트,공통,헛개차,"해장라면, 이온 음료, 계란","숙취, 해장, 다음 날, 괴로움, 속 쓰림, 간 건강, 숙취 운전, 늦잠",음료/라면,[AI 증강]
매운맛 극한 도전 세트,공통,핵불닭볶음면,"쿨피스, 삼각김밥, 단무지","매운맛 도전, 챌린지, 스트레스 해소, 땀, 눈물, 극한, 마비, 고통, 성취감",라면/분식,[AI 증강]
영화관 따라잡기 세트,GS25,팝콘,"콜라, 오징어, 핫도그","집에서 영화, 넷플릭스, 혼영, 주말, 팝콘, 탄산, 영화관 분위기, 방구석",간식/음료,[AI 증강]
다이어트 샐러드 세트,세븐일레븐,닭가슴살 샐러드,"아메리카노, 견과류, 삶은 계란","다이어트, 식단 관리, 건강, 운동, 체중 감량, 샐러드, 자기 관리, 건강한 삶",간편식/건강,[AI 증강]
추억의 분식 세트,CU,떡볶이,"튀김, 순대, 어묵","분식, 초등학교, 학창 시절, 추억, 친구, 수다, 맛있는 간식, 행복한 기억",분식,[AI 증강]
시험 망친 날 자포자기 세트,공통,아이스크림 (벤앤제리스),"초콜릿, 과자, 탄산 음료","시험 망침, 자포자기, 우울, 스트레스, 폭식, 단 거, 세상 무너짐, 슬픔, 좌절",간식,[AI 증강]
프로 혼술러 세트,공통,소주,"닭꼬치, 김, 라면","혼술, 퇴근 후, 하루 마무리, 위로, 고독, 생각, 진지, 나만의 시간",술안주/야식,[AI 증강]
피크닉 필수템 세트,GS25,유부초밥,"탄산수, 과일, 돗자리","피크닉, 봄, 햇살, 나들이, 공원, 데이트, 친구, 즐거움, 행복, 자연",간편식/음료,[AI 증강]
감기 기운 쫓아내기 세트,세븐일레븐,쌍화탕,"꿀물, 비타민, 죽","감기, 몸살, 컨디션, 따뜻함, 회복, 건강, 약, 휴식, 아픔",건강/음료,[AI 증강]
심야 영화 감상 세트,CU,나쵸,"맥주, 팝콘, 콜라","심야 영화, 혼자, 집, 밤, 편안함, 자유, 영화 감상, 힐링",간식/음료,[AI 증강]
출근길 에너지 충전 세트,공통,샌드위치,"커피, 바나나, 에너지바","출근, 아침, 피곤, 에너지, 활력, 바쁨, 직장인, 힘내, 응원",간편식/음료,[AI 증강]
눈 오는 날 낭만 세트,공통,군고구마,"핫초코, 호빵, 따뜻한 우유","눈, 겨울, 따뜻함, 낭만, 분위기, 설렘, 포근함, 행복, 커피 한 잔",간식/음료,[AI 증강]
스트레스 폭발 세트,GS25,불닭볶음면,"아이스크림, 탄산음료, 젤리","스트레스, 분노, 짜증, 해소, 매운맛, 단맛, 시원함, 폭식, 감정 쓰레기통",라면/간식,[AI 증강]
입맛 없을 때 밥도둑 세트,세븐일레븐,참치마요 삼각김밥,"김치, 라면, 계란후라이","입맛 없음, 밥도둑, 간편함, 혼밥, 자취생, 대충, 맛없없, 가성비",간편식/반찬,[AI 증강]
달콤한 휴식 세트,CU,마카롱,"아메리카노, 초콜릿, 과일","휴식, 달콤함, 행복, 여유, 힐링, 카페, 디저트, 충전, 에너지",간식/음료,[AI 증강]
과제 폭탄 야식 세트,공통,컵라면,"에너지 드링크, 삼각김밥, 초콜릿","과제, 시험 기간, 밤샘, 졸림, 배고픔, 스트레스, 카페인, 에너지, 대학생",라면/간편식,[AI 증강]
기분 전환 달달 세트,공통,초코 우유,"초콜릿 과자, 마시멜로우, 아이스크림","기분 전환, 우울, 달달함, 행복, 당 충전, 스트레스 해소, 위로, 소소한 즐거움",음료/간식,[AI 증강]
영화관 팝콘 단짠 세트,GS25,카라멜 팝콘,"치즈볼, 콜라, 오징어땅콩","영화, 팝콘, 단짠, 주말, 심야, 혼영, 넷플릭스, 즐거움, 간식",간식/음료,[AI 증강]
상큼함 리프레쉬 세트,세븐일레븐,탄산수,"자몽, 레몬, 비타민C","상큼, 리프레쉬, 기분 전환, 비타민, 건강, 에너지, 활력, 깨끗함, 맑음",음료/과일,[AI 증강]
퇴근 후 맥주 치킨 세트,CU,조각 치킨,"맥주, 감자튀김, 양념 소스","퇴근, 맥주, 치킨, 행복, 즐거움, 스트레스 해소, 하루 마무리, 시원함",술안주/야식,[AI 증강]
우울할 때 눈물 콧물 세트,공통,신라면,"아이스크림, 초코 과자, 매운맛 스낵","우울, 눈물, 스트레스, 매운맛, 단맛, 폭식, 위로, 슬픔, 감정 쓰레기통",라면/간식,[AI 증강]
늦잠 잔 날 후다닥 세트,공통,에그 토스트,"바나나 우유, 시리얼 바, 견과류","늦잠, 지각, 아침, 간단, 빠름, 에너지, 직장인, 학생, 바쁨, 허둥지둥",간편식/음료,[AI 증강]
더위 날리는 공포 영화 세트,GS25,수박바,"콜라, 젤리, 오징어","공포 영화, 더위, 오싹, 소름, 긴장, 시원함, 여름, 밤, 혼자",간식/음료,[AI 증강]
여행 떠나는 설렘 세트,세븐일레븐,소시지,"물, 초콜릿, 견과류","여행, 설렘, 기대, 즐거움, 간식, 든든함, 휴게소, 자유, 모험",간식/음료,[AI 증강]
따뜻한 위로 세트,CU,꿀 호떡,"따뜻한 우유, 커피, 초콜릿","위로, 따뜻함, 마음, 슬픔, 공감, 안정, 행복, 평안, 포근함",간식/음료,[AI 증강]
입 안 가득 행복 세트,공통,모찌 롤,"아메리카노, 우유, 과일","행복, 달콤함, 부드러움, 디저트, 여유, 힐링, 기분 전환, 즐거움",간식/음료,[AI 증강]
매운맛 쇼크 세트,공통,마라탕면,"쿨피스, 흰 우유, 아이스크림","매운맛, 쇼크, 얼얼, 스트레스 해소, 도전, 극한, 인내, 중독, 자극",라면/음료,[AI 증강]
과음 다음 날 SOS 세트,GS25,북엇국 라면,"이온 음료, 헛개차, 계란","과음, 숙취, 해장, 속 쓰림, 갈증, 괴로움, 회복, 건강, SOS",라면/음료,[AI 증강]
힐링 타임 간식 세트,세븐일레븐,고구마 말랭이,"따뜻한 차, 견과류, 요거트","힐링, 휴식, 여유, 간식, 건강, 자연, 따뜻함, 안정, 편안함",간식/음료,[AI 증강]
혼자 떠나는 여행 세트,CU,김밥,"물, 과자, 초콜릿","혼자 여행, 자유, 모험, 설렘, 기대, 간편, 든든, 휴식, 충전",간편식/음료,[AI 증강]
기말고사 응원 세트,공통,커피,"초콜릿, 에너지바, 견과류","기말고사, 시험, 밤샘, 공부, 졸림, 집중력, 에너지, 응원, 합격",음료/간식,[AI 증강]
늦은 밤 치팅데이 세트,공통,피자,"맥주, 콜라, 감자튀김","늦은 밤, 치팅데이, 행복, 즐거움, 칼로리 폭탄, 죄책감, 만족, 꿀맛",간편식/술안주,[AI 증강]
비오는 날 감성 촉촉 세트,GS25,컵라면,"삼각김밥, 막걸리, 김치전","비오는 날, 감성, 촉촉, 라면, 막걸리, 따뜻함, 낭만, 혼술, 집콕",라면/술안주,[AI 증강]
풋풋한 첫사랑 세트,공통,딸기 우유,"솜사탕, 요구르트 젤리, 캐릭터 빵","첫사랑, 설렘, 풋풋, 귀여움, 핑크, 달콤, 두근거림, 순수, 수줍음",음료/간식,[AI 증강]
미세먼지 청정 세트,세븐일레븐,생수,"배즙, 도라지차, 비타민C","미세먼지, 목 건강, 청정, 깔끔, 건강, 촉촉, 상쾌, 기관지, 보호",음료/건강,[AI 증강]
아찔한 매운맛 도전 세트,CU,불닭 만두,"쿨피스, 아이스크림, 단무지","매운맛, 도전, 아찔, 스트레스 해소, 화끈, 극한, 땀, 눈물, 오기",간편식/음료,[AI 증강]
상사 뒷담화 공감 세트,공통,에너지 드링크,"매운 스낵, 커피, 초콜릿","상사, 뒷담화, 공감, 스트레스, 분노, 짜증, 에너지, 위로, 공감",음료/간식,[AI 증강]
새벽 감성 폭발 세트,공통,캔 커피,"담배, 라이터, 이어폰","새벽, 감성, 고독, 생각, 밤, 센치함, 우울, 공허, 위로",기호품/음료,[AI 증강]
퇴근 후 힐링 홈파티 세트,GS25,와인,"치즈, 크래커, 올리브","퇴근, 힐링, 홈파티, 여유, 행복, 분위기, 와인, 치즈, 즐거움",술안주/간식,[AI 증강]
소소한 일탈 세트,세븐일레븐,젤리,"탄산 음료, 초콜릿, 아이스크림","일탈, 자유, 즐거움, 달콤, 행복, 소소, 기분 전환, 해방감, 에너지",간식/음료,[AI 증강]
잠 안오는 밤 ASMR 세트,CU,별사탕,"사탕, 젤리, 과자","잠 안옴, ASMR, 간질간질, 달콤, 밤, 조용, 상상력, 재미, 무료함",간식,[AI 증강]
이불 밖은 위험해 세트,공통,컵라면,"귤, 전기장판, 수면 양말","겨울, 집콕, 따뜻함, 이불, 편안, 힐링, 휴식, 행복, 뒹굴뒹굴",간편식/생활,[AI 증강]
여행 출발 전 설렘 가득 세트,공통,샌드위치,"커피, 선글라스, 셀카봉","여행, 설렘, 두근거림, 기대, 행복, 자유, 설레임, 추억, 시작",간편식/기타,[AI 증강]
시간 순삭 게임 세트,공통,에너지 드링크,"스낵, 젤리, 핸드폰 충전기","게임, 시간 순삭, 집중, 승리, 즐거움, 몰입, 스트레스 해소, 짜릿함, 열정",음료/간식,[AI 증강]
월급날Flex,공통,수입맥주 (4캔),"프리미엄 육포, 나쵸칩","월급날, 자축, 스트레스 해소, 퇴근 후, 혼술, 영화 감상, 주말 저녁",술안주/야식,[AI 증강]
악마의 유혹,GS25,마라볶음면,"치즈볼, 콜라","매운맛 중독, 스트레스 해소, 야식, 잠 안 올 때, 자극적인 맛, 혼밥",라면/분식 조합,[AI 증강]
비 오는 날 파전,공통,해물파전 (냉동),"막걸리, 김치","비 오는 날, 따뜻함, 낭만, 집콕, 술안주, 한국적인 맛",냉동/간편식 조합,[AI 증강]
캠핑 필수템,CU,숯불 닭꼬치,"소시지, 햇반, 김치","캠핑, 바베큐, 야외, 여행, 즐거움, 저녁, 든든함",육가공류/간편식 조합,[AI 증강]
혼자 영화관,세븐일레븐,팝콘,"탄산음료, 오징어","혼영, 주말, 심심함, 간식, 영화 감상, 달콤함, 짭짤함",스낵/음료 조합,[AI 증강]
숙취해소 끝판왕,공통,해장 라면 (컵),"이온 음료, 계란","숙취, 다음 날, 아침, 괴로움, 시원함, 얼큰함, 속 달래기",라면/음료 조합,[AI 증강]
뇌 풀 가동,GS25,에너지 드링크,"견과류, 초콜릿","시험 기간, 밤샘, 집중력 향상, 피로 회복, 뇌 활성화, 졸음 방지",음료/간식 조합,[AI 증강]
소울푸드,공통,즉석 떡볶이,"튀김, 순대, 쿨피스","분식, 그리움, 추억, 행복, 맛있음, 친구와 함께, 주말 점심",분식 조합,[AI 증강]
다이어트 간식,CU,닭가슴살,"샐러드, 제로 칼로리 음료","다이어트, 건강, 운동, 식단 관리, 가벼움, 상쾌함, 점심",건강/다이어트 조합,[AI 증강]
달콤한 위로,세븐일레븐,아이스크림,"마카롱, 커피","우울, 힘듦, 위로, 달콤함, 기분 전환, 스트레스 해소, 휴식",디저트/음료 조합,[AI 증강]
늦은 밤 야식,공통,족발/보쌈 (소),"라면, 맥주","야식, 늦은 밤, 배고픔, 드라마 시청, 혼술, 불면증, 스트레스 해소",육가공류/간편식 조합,[AI 증강]
상큼한 아침,GS25,모닝 샌드위치,"과일 주스, 요거트","아침, 상쾌함, 활력, 건강, 가벼움, 출근, 등교",간편식/음료 조합,[AI 증강]
매운맛 도전,공통,핵불닭볶음면,"쿨피스, 삼각김밥","매운맛, 도전, 스트레스 해소, 중독, 극강의 매움, 땀, 화끈함",라면/분식 조합,[AI 증강]
크리스마스 홈파티,CU,조각 케이크,"샴페인, 로스트 치킨","크리스마스, 파티, 특별함, 행복, 연말, 분위기, 사랑",디저트/육가공류 조합,[AI 증강]
장마철 꿀조합,세븐일레븐,부대찌개 라면,"스팸, 김치전","장마, 눅눅함, 따뜻함, 얼큰함, 집콕, 라면, 든든함",라면/간편식 조합,[AI 증강]
미세먼지 OUT,공통,생수 (2L),"배즙, 비타민","미세먼지, 건강, 목 건강, 수분 보충, 상쾌함, 깨끗함, 보호",음료/건강 조합,[AI 증강]
출출할 때 간식,GS25,핫도그,"우유, 젤리","간식, 출출함, 오후, 간단함, 달콤함, 짭짤함, 만족",빵/유제품 조합,[AI 증강]
퇴근 후 힐링,공통,와인 (미니),"치즈, 크래커","퇴근, 힐링, 휴식, 편안함, 혼술, 분위기, 고급스러움",술안주/간식 조합,[AI 증강]
입 터짐 방지,CU,견과류바,아메리카노,"식욕 억제, 다이어트, 건강, 입 심심함, 간편함, 죄책감 Down, 오후 간식",건강/음료 조합,[AI 증강]
기차 여행 필수템,세븐일레븐,삶은 계란,"사이다, 오징어","기차 여행, 심심함, 이동 중, 간식, 추억, 낭만, 즐거움",스낵/음료 조합,[AI 증강]
칼바람 퇴치,공통,호빵,"따뜻한 우유, 핫팩","겨울, 추위, 따뜻함, 포근함, 간식, 행복, 든든함",빵/유제품 조합,[AI 증강]
괴식 도전: 팥빙수 라면,공통,팥빙수,신라면 (컵),"괴식, 도전, 여름, 더위, 호기심, 극과 극의 만남, 엽기적",라면/디저트 조합,[AI 증강]
단짠 끝판왕: 짜장불닭,공통,불닭볶음면,짜파게티,"단짠, 매운맛, 퓨전, 중독성, 야식, 스트레스 해소, 괴식(?)",라면 조합,[AI 증강]
고급진 혼술: 연어 스테이크,CU,훈제 연어,"화이트 와인, 올리브","혼술, 분위기, 연말, 특별함, 고급, 안주, 나를 위한 선물",술안주/해산물 조합,[AI 증강]
힐링 타임: 반신욕,세븐일레븐,입욕제,"따뜻한 차, 초콜릿","힐링, 휴식, 반신욕, 아늑함, 스트레스 해소, 편안함, 나만의 시간",기타/음료 조합,[AI 증강]
이냉치냉: 겨울밤의 아이스크림,GS25,아이스크림 (파인트),핫초코,"겨울, 밤, 추위, 이냉치냉, 달콤함, 스트레스 해소, 집콕",디저트/음료 조합,[AI 증강]
프로 야근러 세트,공통,커피 (대용량),"에너지바, 초콜릿","야근, 피로, 졸림, 집중력, 에너지 충전, 씁쓸함, 간절함",음료/간식 조합,[AI 증강]
혼자 떠나는 즉흥 여행,CU,삼각김밥,"생수, 과자","여행, 자유, 설렘, 즉흥, 혼자, 간편, 어디든 떠나요",간편식/스낵 조합,[AI 증강]
비오는 날의 감성 폭발,세븐일레븐,컵라면 (매운맛),"캔맥주, 감자칩","비, 감성, 우울, 매운맛, 혼술, 위로, 촉촉함",라면/술안주 조합,[AI 증강]
나만의 작은 사치,GS25,수제 맥주,"프레첼, 치즈","퇴근, 휴식, 여유, 혼술, 나를 위한 선물, 고급, 특별함",술안주 조합,[AI 증강]
상큼하게 기분 전환,공통,탄산수,"레몬즙, 젤리","기분 전환, 상쾌함, 깔끔함, 다이어트, 갈증 해소, 리프레시",음료/간식 조합,[AI 증강]
늦잠 잔 날의 브런치,CU,에그 토스트,"오렌지 주스, 요거트","늦잠, 브런치, 간편, 든든함, 맛있는 아침, 주말, 여유",간편식/음료 조합,[AI 증강]
심야 영화 감상,세븐일레븐,팝콘,"콜라, 나쵸","영화, 심야, 혼영, 간식, 즐거움, 편안함, 힐링",스낵/음료 조합,[AI 증강]
운동 후 단백질 충전,GS25,프로틴 음료,"닭가슴살 소시지, 견과류","운동, 건강, 단백질, 근육, 활력, 몸매 관리, 상쾌함",건강/간식 조합,[AI 증강]
달콤한 휴식 시간,공통,케이크,"커피, 마카롱","휴식, 달콤함, 행복, 여유, 당 충전, 스트레스 해소, 오후",디저트/음료 조합,[AI 증강]
매콤달콤 환상 조합,CU,떡볶이,"모듬튀김, 쿨피스","매콤, 달콤, 환상, 분식, 행복, 친구, 수다",분식 조합,[AI 증강]
나홀로 불금,세븐일레븐,닭꼬치,"맥주, 감자칩","불금, 혼술, 자유, 편안, 영화, 드라마, 넷플릭스",술안주 조합,[AI 증강]
든든한 한 끼,GS25,도시락,"김치, 계란국","한 끼, 든든, 점심, 저녁, 가성비, 혼밥",간편식 조합,[AI 증강]
상쾌한 아침을 여는,공통,샌드위치,"과일주스, 요거트","상쾌, 아침, 활기, 건강, 가벼움, 출근, 등교",간편식/음료 조합,[AI 증강]
입 안 가득 퍼지는 행복,CU,마카롱,"아메리카노, 초콜릿","달콤, 행복, 기분전환, 스트레스 해소, 휴식",디저트/음료 조합,[AI 증강]
영화관 부럽지 않은,세븐일레븐,팝콘,"콜라, 핫도그","영화, 심야, 혼영, 간식, 즐거움, 편안함",스낵/음료 조합,[AI 증강]
집에서 즐기는 홈파티,GS25,치킨,"맥주, 피자","홈파티, 친구, 즐거움, 행복, 주말",술안주/간편식 조합,[AI 증강]
매운맛으로 스트레스 날려버려,공통,불닭볶음면,"쿨피스, 삼각김밥","매운맛, 도전, 스트레스 해소, 중독, 화끈함",라면/분식 조합,[AI 증강]
"피곤한 하루, 달콤한 위로",CU,초코우유,"케이크, 마카롱","피곤, 달콤, 위로, 휴식, 행복, 저녁",유제품/디저트 조합,[AI 증강]
혼자만의 힐링타임,세븐일레븐,와인,"치즈, 크래커","혼술, 힐링, 여유, 분위기, 특별함",술안주 조합,[AI 증강]
추억을 되살리는,GS25,쫀드기,"콜라, 슬러시","추억, 간식, 학창시절, 친구, 즐거움",스낵/음료 조합,[AI 증강]
월급날 FLEX 세트,공통,수입맥주 (4캔),"프리미엄 육포, 나쵸 & 살사소스","월급날, FLEX, 스트레스 해소, 퇴근 후 만찬, 혼술, 영화 감상, 주말, 여유",술안주/야식,[AI 증강]
비 오는 날 감성 세트,GS25,오뎅 (매운맛),"막걸리, 김치전","비 오는 날, 감성, 파전, 따뜻함, 집콕, ASMR, 빗소리, 힐링",술안주/야식,[AI 증강]
시험 D-DAY 밤샘 세트,공통,에너지 드링크,"핫식스, 커피 (대용량), 졸음방지 껌, 초콜릿","시험기간, 밤샘, 졸림, 집중력 향상, 카페인 충전, 벼락치기, D-DAY, 피곤",간식,[AI 증강]
캠핑 파이어 세트,CU,숯불 닭꼬치,"소시지, 마시멜로우, 맥주 (6캔)","캠핑, 불멍, 바베큐, 밤, 추억, 친구, 여행, 자연",술안주/야식,[AI 증강]
숙취 해소 끝판왕,세븐일레븐,해장라면,"이온음료, 계란, 헛개차","숙취, 다음날, 힘듦, 괴로움, 아침, 출근, 늦잠, 간",라면/분식 조합,[AI 증강]
혼자 영화 보는 날 세트,공통,팝콘 (카라멜),"콜라, 버터 오징어","혼영, 주말, 집, 넷플릭스, 편안함, 영화관, 심심함, 휴식",간식,[AI 증강]
눈 오는 날의 낭만,GS25,군고구마,"호빵 (단팥), 따뜻한 우유","눈, 겨울, 따뜻함, 낭만, 추억, 첫눈, 포근함, 감성",간식,[AI 증강]
퇴근 후 야식 만찬,CU,매콤한 닭발,"쿨피스, 주먹밥","퇴근, 야식, 스트레스 해소, 매운맛, 혼술, 힐링, 소확행",술안주/야식,[AI 증강]
피크닉 도시락,세븐일레븐,유부초밥,"미니 샐러드, 과일 컵","소풍, 나들이, 봄, 데이트, 공원, 돗자리, 햇살, 행복",간편 식사,[AI 증강]
게임 폐인 풀세트,공통,감자칩 (대용량),"탄산음료, 닭강정","게임, 밤샘, 폐인, 심심함, 즐거움, 친구, 리그 오브 레전드, 배틀그라운드",간식,[AI 증강]
최애 아이돌 컴백 기념,GS25,스파클링 와인,"조각 케이크, 트윅스","아이돌, 컴백, 축하, 덕질, 행복, 밤, 친구, 파티",간식,[AI 증강]
다이어트 폭망 세트,CU,치즈 듬뿍 라면,"고기 왕만두, 초코 아이스크림","다이어트, 실패, 유혹, 죄책감, 스트레스, 포기, 폭식, 자포자기",라면/분식 조합,[AI 증강]
출근길 든든 세트,세븐일레븐,삼각김밥 (참치마요),"바나나 우유, 삶은 계란","출근, 아침, 바쁨, 간단함, 든든함, 지하철, 피곤, 졸림",간편 식사,[AI 증강]
갑자기 떠나는 여행,공통,육개장 사발면,"김밥, 생수","여행, 즉흥, 설렘, 자유, 혼자, 드라이브, 휴게소, 힐링",라면/분식 조합,[AI 증강]
심야 드라이브 필수템,GS25,커피 (캔),"오징어 땅콩, 껌","드라이브, 밤, 졸림, 심야, 고속도로, 음악, 새벽, 친구",간식,[AI 증강]
매운맛 도전 챌린지,CU,마라탕면,"쿨피스, 삼각김밥 (전주비빔)","매운맛, 도전, 챌린지, 스트레스, 눈물, 콧물, 친구, 경쟁",라면/분식 조합,[AI 증강]
솔로 크리스마스 극복,세븐일레븐,미니 와인,"치즈, 초콜릿 케이크","크리스마스, 솔로, 외로움, 위로, 집, 영화, 따뜻함, 괜찮아",술안주/야식,[AI 증강]
미세먼지 심한 날,공통,생수,"배즙, 도라지차","미세먼지, 목, 답답함, 건강, 기관지, 마스크, 청량함, 기침",음료,[AI 증강]
과제 폭탄 데드라인,GS25,커피 (카페인),"에너지바, 견과류","과제, 데드라인, 밤샘, 스트레스, 피곤, 집중, 노트북, 카페",간식,[AI 증강]
우울한 날 달콤한 위로,CU,초코 아이스크림 (벤앤제리스),"마카롱, 따뜻한 코코아","우울, 슬픔, 위로, 달콤, 눈물, 감정, 위로, 토닥토닥",간식,[AI 증강]
퇴근 후 힐링 마사지,세븐일레븐,핫팩,"허브티, 안대","피곤, 힐링, 휴식, 따뜻함, 편안함, 퇴근, 집, 마사지",기타,[AI 증강]
비오는날 창밖보며 센치해지는 조합,공통,믹스커피,"계란과자, 버터쿠키","비, 센치, 추억, 회상, 그리움, 촉촉, 창밖, 분위기",간식,[AI 증강]
수영 후 에너지 충전,GS25,닭가슴살,"프로틴 음료, 견과류바","수영, 운동, 건강, 에너지, 근육, 활력, 상쾌, 샤워",간편 식사,[AI 증강]
입맛 없을 때 이 조합!,CU,새콤달콤 비빔면,"군만두, 참치마요 삼각김밥","입맛없음, 잃어버린 입맛, 자극, 매콤, 새콤, 점심, 주말, 순삭",라면/분식 조합,[AI 증강]
캠핑장에서 즐기는 아침,세븐일레븐,모닝빵,"딸기잼, 소시지","캠핑, 아침, 숲, 힐링, 여유, 햇살, 상쾌, 자연",간편 식사,[AI 증강]
추억의 불량식품,공통,아폴로,"쫀드기, 맥주사탕","추억, 옛날, 초딩, 불량식품, 학교, 그리움, 회상, 웃음",간식,[AI 증강]
고된 노동 후 꿀맛,GS25,소세지,"탄산음료, 컵라면","노동, 힘들다, 보상, 시원, 허기짐, 퇴근, 저녁, 꿀맛",간편 식사,[AI 증강]
나만의 작은 사치,CU,수제 맥주,"치즈케이크, 올리브","사치, 혼술, 분위기, 밤, 위로, 나만의 시간, 여유, 행복",술안주/야식,[AI 증강]
아이스크림 홈파티,세븐일레븐,하겐다즈,"브라우니, 마카롱","홈파티, 아이스크림, 달콤, 친구, 신남, 웃음, 주말, 디저트",간식,[AI 증강]
매운 떡볶이 챌린지,공통,불닭 떡볶이,"쿨피스, 단무지","매운맛, 도전, 땀, 눈물, 스트레스 해소, 친구, 경쟁, 챌린지",라면/분식 조합,[AI 증강]
"늦은 밤, 야식의 유혹",GS25,족발,"막걸리, 라면","야식, 밤, 유혹, 후회, 행복, 죄책감, 포만감, 잠",술안주/야식,[AI 증강]
"바쁜 아침, 퀵 브런치",CU,베이글,"크림치즈, 커피","아침, 바쁨, 간편, 브런치, 든든, 출근, 에너지, 카페",간편 식사,[AI 증강]
혼자 떠나는 등산,세븐일레븐,에너지바,"물, 초콜릿","등산, 자연, 힐링, 혼자, 상쾌, 정상, 풍경, 성취감",간식,[AI 증강]
"여름밤, 해변에서의 낭만",공통,캔맥주,"오징어, 불꽃놀이","여름, 바다, 밤, 낭만, 파도, 시원, 친구, 추억",술안주/야식,[AI 증강]
장거리 운전 필수템,GS25,커피,"졸음방지껌, 땅콩","운전, 장거리, 졸림, 안전, 여행, 피곤, 정신, 집중",간식,[AI 증강]
갑작스런 손님 방문,CU,피자,"맥주, 콜라","손님, 파티, 즐거움, 간편, 배달, 웃음, 수다, 행복",간편 식사,[AI 증강]
혼자 즐기는 ASMR,세븐일레븐,젤리,"사탕, 초콜릿","ASMR, 혼자, 조용함, 바스락, 달콤, 편안함, 안정, 휴식",간식,[AI 증강]
시험 끝난 해방감,공통,아이스크림,"과자, 탄산음료","시험, 끝, 해방, 자유, 행복, 즐거움, 친구, 파티",간식,[AI 증강]
오늘따라 힘든 날,GS25,에너지 드링크,"초콜릿, 견과류","힘듦, 위로, 에너지, 충전, 피곤, 스트레스, 토닥토닥, 괜찮아",간식,[AI 증강]
"비 오는 날, 따뜻한 집콕",CU,라면,"김치, 계란","비, 집, 따뜻함, 편안함, 힐링, 아늑함, 빗소리, 휴식",라면/분식 조합,[AI 증강]
"크리스마스, 홈파티",세븐일레븐,케이크,"와인, 치킨","크리스마스, 파티, 친구, 가족, 따뜻함, 행복, 웃음, 추억",간편 식사,[AI 증강]
"나른한 오후, 달콤한 휴식",공통,커피,"도넛, 마카롱","오후, 나른함, 휴식, 달콤, 여유, 카페, 햇살, 충전",간식,[AI 증강]
새벽 감성 폭발,GS25,캔맥주,"감자칩, 육포","새벽, 감성, 외로움, 생각, 음악, 밤, 달, 위로",술안주/야식,[AI 증강]
바쁜 일상 속 소소한 행복,CU,샌드위치,"과일, 우유","일상, 행복, 소소, 감사, 여유, 점심, 활력, 힐링",간편 식사,[AI 증강]
친구와 함께 즐거운 파자마 파티,세븐일레븐,팝콘,"콜라, 과자","친구, 파자마, 파티, 웃음, 밤, 추억, 영화, 즐거움",간식,[AI 증강]
매운맛 마니아 도전,공통,불닭볶음면,"우유, 쿨피스","매운맛, 도전, 땀, 눈물, 스트레스 해소, 극복, 호흡곤란, 이열치열",라면/분식 조합,[AI 증강]
달콤한 디저트 타임,GS25,케이크,"아이스크림, 커피","디저트, 달콤, 행복, 여유, 오후, 카페, 충전, 힐링",간식,[AI 증강]
"늦은 밤, 출출할 때",CU,컵라면,"삼각김밥, 김치","밤, 출출, 야식, 간편, 후루룩, 라면, 꿀맛, 잠",라면/분식 조합,[AI 증강]
혼자 떠나는 낚시,세븐일레븐,김밥,"커피, 물","낚시, 자연, 힐링, 혼자, 여유, 바다, 풍경, 기다림",간편 식사,[AI 증강]
친구들과 함께 보드게임,공통,과자,"음료수, 초콜릿","친구, 게임, 웃음, 밤, 추억, 즐거움, 간식, 행복",간식,[AI 증강]
월급날 FLEX 세트,공통,수입맥주 (4캔),"육포, 나쵸, 수입과자","월급날, 자축, 스트레스 해소, 퇴근 후, 혼술, 영화 감상, 넷플릭스, 소소한 행복",술안주/야식,[AI 생성]
비 오는 날 갬성 세트,GS25,오뎅,"막걸리, 김치전, 컵라면","비 오는 날, 파전, 퇴근길, 우울, 센치, 추억, 빗소리, 따뜻함",술안주/야식,[AI 생성]
밤샘 과제 세트,CU,에너지 드링크,"커피, 초콜릿, 견과류, 핫식스","시험 기간, 밤샘, 과제, 졸림, 집중력 향상, 카페인 충전, 대학생, 발표 준비",간식/디저트,[AI 생성]
혼자 캠핑 분위기 세트,세븐일레븐,숯불 닭꼬치,"번개탄, 부탄가스, 종이컵, 소주","혼자 캠핑, 베란다, 힐링, 불멍, 감성, 분위기, 간단, 저녁",술안주/야식,[AI 생성]
매운맛 폭발 세트,공통,마라탕면 (컵),"쿨피스, 삼각김밥 (참치마요), 계란찜","스트레스 해소, 매운맛, 땀, 화끈, 콧물, 이열치열, 자극적인 맛, 마라",라면/분식 조합,[AI 생성]
숙취 해소 세트,공통,헛개차,"해장라면, 삶은 계란, 스포츠 음료, 이온 음료","숙취, 다음날, 괴로움, 출근, 두통, 속쓰림, 갈증, 회식",음료/간식,[AI 생성]
초코 덕후 세트,CU,초코 에끌레어,"핫초코, 초코 쿠키, 초콜릿 바, 브라우니","달달함, 당충전, 우울, 기분 전환, 행복, 초콜릿, 디저트, 간식",간식/디저트,[AI 생성]
다이어트 샐러드 세트,GS25,닭가슴살 샐러드,"아몬드 브리즈, 삶은 계란, 방울토마토, 견과류","다이어트, 건강, 식단, 운동, 자기 관리, 체중 감량, 헬스, 점심",간편식,[AI 생성]
나만의 영화관 세트,세븐일레븐,팝콘,"콜라, 오징어, 나쵸, 핫도그","영화, 혼영, 주말, 심야, 간식, 넷플릭스, 팝콘, 편안함",간식/디저트,[AI 생성]
퇴근 후 맥주 한 잔 세트,공통,캔맥주 (IPA),"쥐포, 땅콩, 김, 치즈","퇴근, 지침, 스트레스 해소, 혼술, 위로, 맥주, 저녁, 하루 마무리",술안주/야식,[AI 생성]
피크닉 도시락 세트,CU,유부초밥,"탄산수, 과일 컵, 소시지, 계란말이","소풍, 나들이, 봄, 데이트, 도시락, 벚꽃, 햇살, 행복",간편식,[AI 생성]
매콤달콤 떡볶이 세트,GS25,자이언트 떡볶이,"모듬튀김, 쿨피스, 단무지, 삶은 계란","분식, 매콤, 달콤, 간식, 야식, 친구, 수다, 떡볶이",라면/분식 조합,[AI 생성]
꿀잠 유도 세트,세븐일레븐,따뜻한 우유,"바나나, 캐모마일 차, 수면 안대, 라벤더 오일","불면증, 잠, 숙면, 편안함, 휴식, 스트레스, 힐링, 밤",음료/간식,[AI 생성]
간단 아침 식사 세트,공통,모닝빵,"딸기잼, 크림치즈, 우유, 사과주스","아침, 출근, 등교, 바쁨, 간단, 든든, 에너지, 상쾌",간편식,[AI 생성]
입 터짐 방지 세트,CU,무설탕 껌,"견과류, 말린 과일, 탄산수, 다시마","스트레스, 불안, 입이 심심, 다이어트, 습관, 절제, 건강",간식/디저트,[AI 생성]
시험 끝난 날 자유 세트,GS25,아이스크림,"젤리, 과자, 탄산 음료, 친구","시험 끝, 해방, 자유, 스트레스 해소, 즐거움, 행복, 친구, 밤샘",간식/디저트,[AI 생성]
혼밥 업그레이드 세트,세븐일레븐,도시락,"계란국, 김치, 김, 요구르트, 물","혼밥, 점심, 저녁, 간단, 든든, 가성비, 퀄리티, 식사",간편식,[AI 생성]
달콤 살벌 괴식 세트,공통,불닭볶음면,"초코파이, 우유, 치즈, 아이스크림","괴식, 도전, 호기심, 매운맛, 단맛, 묘함, 엽기, 챌린지",라면/분식 조합,[AI 생성]
출근 전 에너지 충전 세트,CU,샌드위치,"커피, 오렌지 주스, 요거트, 바나나","출근, 아침, 피곤, 활력, 에너지, 든든, 상쾌, 활기찬 하루",간편식,[AI 생성]
스트레스 해소 디저트 세트,GS25,마카롱,"아메리카노, 케이크, 푸딩, 탄산수","스트레스, 해소, 달콤, 행복, 디저트, 기분 전환, 위로, 선물",간식/디저트,[AI 생성]
비오는날 칼국수 땡기는 날 세트,세븐일레븐,컵 칼국수,"김치, 삼각김밥, 김, 막걸리","비, 칼국수, 따뜻함, 혼밥, 가성비, 추억, 향수, 빗소리",라면/분식 조합,[AI 생성]
이냉치냉 아이스크림 세트,공통,아이스크림 (겨울),"핫팩, 담요, 핫초코, 군고구마","겨울, 추위, 아이스크림, 이냉치냉, 낭만, 유쾌, 특별함, 색다름",간식/디저트,[AI 생성]
바다 보면서 힐링 세트,CU,새우깡,"캔맥주, 커피, 돗자리, 블루투스 스피커","바다, 힐링, 여행, 여유, 파도, 노을, 감성, 추억",술안주/야식,[AI 생성]
혼자 떠나는 기차 여행 세트,GS25,김밥,"삶은 계란, 사이다, 오징어, 견과류","기차, 여행, 혼자, 풍경, 여유, 낭만, 설렘, 추억",간편식,[AI 생성]
새벽 알바 퇴근 세트,세븐일레븐,따뜻한 커피,"핫도그, 빵, 우유, 초콜릿","새벽, 알바, 퇴근, 피곤, 따뜻함, 위로, 휴식, 꿀잠",간편식,[AI 생성]
게임 폐인 야식 세트,공통,컵라면,"에너지 드링크, 과자, 초콜릿, 콜라","게임, 밤샘, 야식, 폐인, 집중, 승리, 흥분, 즐거움",라면/분식 조합,[AI 생성]
등산 후 꿀맛 세트,CU,막걸리,"두부김치, 파전, 컵라면, 물","등산, 운동, 땀, 성취감, 시원함, 자연, 건강, 힐링",술안주/야식,[AI 생성]
장마철 집콕 세트,GS25,팝콘,"탄산음료, 라면, 과자, 만화책","장마, 집, 휴식, 영화, 게임, 독서, 편안함, 무료함",간식/디저트,[AI 생성]
풋풋한 첫사랑 세트,세븐일레븐,사탕,"초콜릿, 꽃, 편지, 곰인형","사랑, 설렘, 두근거림, 행복, 풋풋, 첫사랑, 핑크, 추억",간식/디저트,[AI 생성]
야근 필수템 세트,공통,커피,"에너지 드링크, 초콜릿, 견과류, 핫팩","야근, 피곤, 졸림, 집중, 스트레스, 동료, 위로, 힘내",간식/디저트,[AI 생성]
우울할 때 눈물 콧물 세트,CU,매운 라면,"초코 우유, 아이스크림, 닭발, 쿨피스","우울, 슬픔, 눈물, 매운맛, 달콤함, 위로, 해소, 공감",라면/분식 조합,[AI 생성]
혼자 즐기는 호캉스 세트,GS25,와인,"치즈, 크래커, 과일, 캔들","호캉스, 휴식, 혼자, 힐링, 고급, 분위기, 여유, 행복",술안주/야식,[AI 생성]
추억의 불량식품 세트,세븐일레븐,아폴로,"쫀드기, 꾀돌이, 별사탕, 콜라","추억, 어린 시절, 불량식품, 향수, 친구, 웃음, 간식, 즐거움",간식/디저트,[AI 생성]
애인과 싸운 날 화해 세트,공통,케이크,"꽃다발, 와인, 편지, 초콜릿","싸움, 화해, 사랑, 미안함, 용서, 행복, 달콤함, 로맨틱",간식/디저트,[AI 생성]
무더위 날리는 공포 영화 세트,CU,팝콘,"콜라, 오징어, 담요, 손전등","공포, 더위, 오싹함, 긴장, 스릴, 여름, 영화, 밤",간식/디저트,[AI 생성]
명절 귀성길 필수 세트,GS25,오징어,"육포, 땅콩, 껌, 물","명절, 귀성길, 고향, 가족, 교통 체증, 지루함, 간식, 휴식",간식/디저트,[AI 생성]
크리스마스 홈파티 세트,세븐일레븐,케이크,"와인, 치즈, 샴페인, 캔들","크리스마스, 파티, 행복, 사랑, 가족, 친구, 따뜻함, 선물",간식/디저트,[AI 생성]
종강 기념 파티 세트,공통,맥주,"피자, 치킨, 과자, 친구들","종강, 자유, 해방, 즐거움, 파티, 행복, 밤샘, 추억",술안주/야식,[AI 생성]
새해 다짐 건강 세트,CU,샐러드,"견과류, 요거트, 물, 아몬드 브리즈","새해, 다짐, 건강, 운동, 식단, 자기 관리, 목표, 시작",간편식,[AI 생성]
혼자 보는 야경 세트,GS25,따뜻한 커피,"담요, 핫팩, 과자, 캔들","야경, 혼자, 감성, 휴식, 힐링, 생각, 여유, 밤",간식/디저트,[AI 생성]
매운맛에 정신 놓고 싶을 때 세트,세븐일레븐,불닭볶음면,"캡사이신 소스, 청양고추, 우유, 쿨피스","매운맛, 스트레스, 정신, 자극, 도전, 고통, 해소, 눈물",라면/분식 조합,[AI 생성]
풋살 후 갈증 해소 세트,공통,이온 음료,"스포츠 타월, 물, 에너지바, 소금 사탕","운동, 풋살, 갈증, 수분, 에너지, 회복, 시원함, 팀워크",음료/간식,[AI 생성]
고백 성공 기원 세트,CU,페레로 로쉐,"장미꽃 한송이, 손편지, 향수, 행운의 부적","고백, 사랑, 성공, 설렘, 긴장, 두근거림, 행운, 용기",간식/디저트,[AI 생성]
주말 늦잠 브런치 세트,GS25,베이글,"크림 치즈, 커피, 오렌지 주스, 샐러드","주말, 늦잠, 브런치, 여유, 행복, 휴식, 맛, 든든",간편식,[AI 생성]
친구 집들이 선물 세트,세븐일레븐,휴지,"세제, 수세미, 캔들, 와인","집들이, 선물, 축하, 우정, 센스, 실용, 행복, 시작",생필품/선물,[AI 생성]
퇴사 기념 홀가분 세트,공통,샴페인,"케이크, 풍선, 꽃다발, 퇴사 기념 선물","퇴사, 홀가분, 자유, 행복, 새로운 시작, 축하, 해방, 기쁨",술안주/야식,[AI 생성]
비 오는 날 창가 감성 세트,CU,핫초코,"마시멜로우, 책, 담요, 라디오","비, 감성, 창가, 따뜻함, 휴식, 위로, 생각, 분위기",음료/간식,[AI 생성]
면접 합격 기원 세트,GS25,찹쌀떡,"엿, 에너지 드링크, 합격 기원 부적, 커피","면접, 합격, 긴장, 행운, 용기, 성공, 응원, 간절함",간식/디저트,[AI 생성]
늦은 밤 운동 후 단백질 충전 세트,세븐일레븐,닭가슴살,"프로틴 음료, 삶은 계란, 견과류, 바나나","운동, 늦은 밤, 단백질, 근육, 건강, 회복, 든든함, 자기관리",간편식,[AI 생성]
월급날 FLEX 세트,공통,수입 맥주 (4캔),"육포, 나쵸, 살사 소스","월급날, 스트레스 해소, 혼술, 영화 감상, 소소한 행복, 퇴근 후 만찬",술안주/야식,[AI 증강]
비 오는 날 파전 세트,GS25,부침개 Mix,"막걸리, 김치, 계란","비 오는 날, 파전, 막걸리, 집콕, 넷플릭스, 꿀꿀한 날씨, 낭만",간편조리/안주,[AI 증강]
야근 퇴치 세트,세븐일레븐,에너지 드링크,"핫식스, 견과류, 초콜릿바","야근, 졸음, 집중력 향상, 피로, 당 충전, 으쌰으쌰, 밤샘",음료/간식,[AI 증강]
캠핑 감성 BBQ 세트,CU,숯불 닭꼬치,"소시지, 햇반, 김치, 쌈장","캠핑, 바베큐, 밤, 불멍, 여행, 힐링, 자연, 추억",간편조리/바베큐,[AI 증강]
시험 D-Day 응원 세트,공통,찹쌀떡,"커피, 초콜릿, 비타민","시험, 합격 기원, 긴장, 응원, 격려, 집중력, 뇌 활성화",간식/응원,[AI 증강]
혼자 영화관 세트,GS25,팝콘,"콜라, 오징어, 핫도그","혼영, 주말, 심야 영화, 팝콘, 콜라, 힐링, 나만의 시간",스낵/음료,[AI 증강]
숙취 해소 끝판왕,세븐일레븐,헛개차,"해장라면, 이온음료, 계란","숙취, 다음 날, 괴로움, 속 쓰림, 갈증, 숙취 해소, 아침",음료/라면,[AI 증강]
눈 오는 날의 낭만,CU,군고구마,"호빵, 따뜻한 우유, 귤","눈, 겨울, 따뜻함, 낭만, 추억, 아늑함, 달콤함",겨울 간식,[AI 증강]
매운맛 마니아 도전 세트,공통,불닭볶음면,"매운 스낵, 쿨피스, 삼각김밥","매운맛, 도전, 극한, 스트레스 해소, 땀, 중독, 화끈",라면/스낵,[AI 증강]
단짠단짠 무한루프,GS25,카라멜 팝콘,"프레첼, 콜라, 짭짤한 스낵","단짠, 무한루프, 간식, 영화, 주말, 멈출 수 없어, 유혹",스낵/음료,[AI 증강]
커피 & 디저트 타임,세븐일레븐,아메리카노,"조각 케이크, 마카롱, 쿠키","오후, 나른함, 휴식, 당 충전, 카페, 여유, 행복",음료/디저트,[AI 증강]
출근길 에너지 충전,CU,샌드위치,"바나나 우유, 에너지바, 견과류","출근길, 아침, 바쁨, 에너지, 활력, 든든함, 상쾌함",간편식/음료,[AI 증강]
나만의 힐링 아이스크림,공통,아이스크림 (바),"커피믹스, 에스프레소, 견과류","힐링, 당 충전, 스트레스 해소, 아이스크림, 나만의 레시피, 달콤함",아이스크림/커피,[AI 증강]
심야 라면 정식,GS25,라면,"삼각김밥, 김치, 계란","야식, 심야, 배고픔, 유혹, 죄책감, 맛있으면 0칼로리, 행복",라면/간편식,[AI 증강]
탄산 & 스낵 파티,세븐일레븐,탄산 음료,"감자칩, 팝콘, 초콜릿","파티, 친구, 수다, 즐거움, 청량함, 간식, 에너지",음료/스낵,[AI 증강]
운동 후 단백질 충전,CU,닭가슴살,"프로틴 음료, 삶은 계란, 견과류","운동, 건강, 단백질, 근육, 다이어트, 활력, 자기 관리",건강/음료,[AI 증강]
달콤한 휴식 시간,공통,초콜릿,"커피, 쿠키, 사탕","휴식, 당 충전, 스트레스 해소, 달콤함, 행복, 여유, 나만의 시간",간식/음료,[AI 증강]
늦은 밤 혼술 세트,GS25,소주,"닭꼬치, 족발, 라면","혼술, 외로움, 위로, 답답함, 스트레스, 솔로, 감성",주류/안주,[AI 증강]
아침을 깨우는 상쾌함,세븐일레븐,주스,"요거트, 빵, 과일","아침, 상쾌함, 활력, 건강, 가벼움, 시작, 긍정",음료/간편식,[AI 증강]
비상 식량 세트,CU,컵라면,"참치캔, 햇반, 김","비상, 재난, 대비, 생존, 든든함, 안심, 간편",비상식량,[AI 증강]
피크닉 도시락 세트,공통,김밥,"과일, 음료수, 과자","피크닉, 소풍, 나들이, 데이트, 봄, 힐링, 행복",간편식,[AI 증강]
퇴근 후 맥주 한 잔,GS25,맥주,"땅콩, 오징어, 육포","퇴근, 휴식, 위로, 스트레스 해소, 혼술, 자유, 편안함",주류/안주,[AI 증강]
겨울밤 따뜻한 간식,세븐일레븐,호빵,"우유, 귤, 고구마","겨울, 따뜻함, 추억, 포근함, 행복, 간식, 가족",겨울 간식,[AI 증강]
이냉치냉 아이스 디저트,CU,아이스크림,"얼음컵, 탄산수, 냉동 과일","겨울, 추위, 이냉치냉, 아이스, 스트레스 해소, 달콤함, 짜릿함",아이스크림,[AI 증강]
꿀잠 예약 세트,공통,따뜻한 우유,"꿀, 캐모마일 차, 쿠키","불면증, 편안함, 릴렉스, 휴식, 밤, 꿀잠, 숙면",음료/간식,[AI 증강]
나홀로 불금 만끽,GS25,와인,"치즈, 크래커, 올리브","불금, 혼술, 분위기, 힐링, 나만의 시간, 여유, 행복",주류/안주,[AI 증강]
간단한 아침 식사,세븐일레븐,토스트,"우유, 바나나, 시리얼","아침, 바쁨, 간편함, 든든함, 활력, 건강, 상쾌함",간편식/음료,[AI 증강]
영화관 부럽지 않은 스낵,CU,팝콘,"콜라, 나쵸, 핫도그","영화, 주말, 간식, 즐거움, 편안함, 집, 여유",스낵/음료,[AI 증강]
우울할 땐 당 충전,공통,초콜릿 케이크,"아이스크림, 초콜릿 우유, 마카롱","우울, 위로, 달콤함, 행복, 기분 전환, 나만의 시간, 힐링",디저트/음료,[AI 증강]
게임 폐인 야식,GS25,컵라면,"에너지 드링크, 삼각김밥, 핫바","게임, 밤샘, 야식, 배고픔, 집중력, 에너지, 즐거움",간편식/음료,[AI 증강]
매콤한 스트레스 해소,세븐일레븐,불닭볶음면,"쿨피스, 치즈, 삼각김밥","스트레스, 매운맛, 해소, 화끈함, 땀, 중독, 쾌감",라면/음료,[AI 증강]
혼자 떠나는 기차 여행,CU,삶은 계란,"사이다, 오징어, 김밥","여행, 기차, 혼자, 자유, 낭만, 추억, 설렘",간편식/음료,[AI 증강]
시험기간 밤샘 공부,공통,커피,"에너지바, 초콜릿, 비타민","시험, 공부, 밤샘, 집중력, 에너지, 졸음, 합격",음료/간식,[AI 증강]
소소한 사치 디저트,GS25,수입 과자,"커피, 아이스크림, 마카롱","사치, 행복, 달콤함, 나만의 시간, 휴식, 기분 전환, 만족",디저트/음료,[AI 증강]
입맛 없을 때 꿀조합,세븐일레븐,새콤달콤 비빔면,"만두, 김치, 계란","입맛 없음, 식욕, 자극, 매콤, 새콤, 입맛 돋움, 간편",라면/간편식,[AI 증강]
봄맞이 상큼한 피크닉,CU,샌드위치,"탄산수, 과일, 샐러드","봄, 피크닉, 상큼, 힐링, 자연, 데이트, 행복",간편식/음료,[AI 증강]
뜻밖의 고퀄리티 한상차림,공통,"반찬류 (장조림, 젓갈)","햇반, 김, 계란후라이","자취생, 집밥, 퀄리티, 혼밥, 간편, 든든, 가성비",간편식/반찬,[AI 증강]
여름밤의 해변,GS25,아이스 아메리카노,"맥주, 쥐포, 아이스크림","여름, 밤, 해변, 바다, 낭만, 시원함, 휴식",음료/간식,[AI 증강]
매콤달콤 닭강정,세븐일레븐,닭강정,"맥주, 콜라, 감자튀김","주말, 간식, 영화, 맥주, 즐거움, 매콤, 달콤",간편식/음료,[AI 증강]
스트레스 해소 이색 조합,CU,불닭볶음면,"아이스크림, 탄산수, 치즈","스트레스, 이색, 매운맛, 달콤, 시원함, 도전, 쾌감",라면/간식,[AI 증강]
장거리 운전 필수템,공통,커피,"껌, 에너지바, 견과류","운전, 졸음, 집중력, 피로, 에너지, 안전, 상쾌함",음료/간식,[AI 증강]
달콤 쌉싸름한 위로,GS25,다크 초콜릿,"커피, 견과류, 우유","위로, 우울, 달콤, 쌉싸름, 휴식, 나만의 시간, 힐링",디저트/음료,[AI 증강]
가을밤 캠프파이어,세븐일레븐,마시멜로우,"숯불구이, 맥주, 따뜻한 차","가을, 캠핑, 밤, 불멍, 낭만, 추억, 행복",간식/음료,[AI 증강]
비오는날 갬성 한잔,CU,사케,"오뎅, 반건조 오징어, 꼬치","비, 추적추적, 갬성, 따뜻함, 술, 혼술, 센치함",주류/안주,[AI 증강]
괴식 도전! 악마의 맛,공통,바닐라 아이스크림,"불닭 소스, 커피 가루, 와사비","괴식, 도전, 악마, 매운맛, 단맛, 쓴맛, 혼돈",기타,[AI 증강]
파워 직장인 점심,GS25,도시락,"컵라면(미니), 커피, 김치","점심, 직장인, 든든함, 워라벨, 가성비, 쉼",간편식,[AI 증강]
힙스터의 아침,세븐일레븐,수제 맥주,"베이글, 크림치즈, 선글라스","아침, 주말, 힙스터, 여유, 감성, 해방, 나만의 세계",음료/간편식,[AI 증강]
공부하다 지칠때,CU,젤리,"탄산음료, 눈안대, 이어플러그","공부, 집중, 당보충, 리프레쉬, 휴식, 힐링",간식/휴식,[AI 증강]
월급날 FLEX 세트,GS25,수입 맥주 (6캔),"나쵸, 살사 소스, 육포","월급날, 자축, 스트레스 해소, 퇴근 후, 혼술, 영화 감상, 소소한 행복",술안주/야식,[AI 증강]
시험 망삘 세트,세븐일레븐,"매운 스낵 (마라, 불닭)","쿨피스, 아이스크림, 에너지 드링크","시험, 망함, 자포자기, 분노, 스트레스, 매운맛, 달콤함, 각성",간식/음료 조합,[AI 증강]
비 오는 날 파전 세트,CU,"부침가루, 해물 모듬","막걸리, 간장, 청양고추","비 오는 날, 집콕, 파전, 막걸리, 낭만, 따뜻함, ASMR",간편 조리,[AI 증강]
숙취 해소 끝판왕 세트,공통,헛개수,"해장 라면 (컵), 스포츠 음료, 삶은 계란","숙취, 해장, 괴로움, 갈증, 속 쓰림, 아침, 출근, 회식 다음 날",음료/간식 조합,[AI 증강]
솔로 크리스마스 세트,GS25,케이크 (조각),"샴페인 (미니), 치킨 (순살), 영화 티켓 (온라인)","크리스마스, 솔로, 외로움, 영화 감상, 달콤함, 혼자 파티, 위로",디저트/간식 조합,[AI 증강]
캠핑 감성 BBQ 세트,CU,숯불 직화 구이,"소시지, 햇반, 김치, 쌈장","캠핑, 바베큐, 자연, 여행, 저녁, 분위기, 힐링",간편 조리,[AI 증강]
눈 오는 날 호빵 세트,세븐일레븐,"호빵 (단팥, 야채)","따뜻한 우유, 꿀","눈 오는 날, 따뜻함, 겨울, 간식, 추억, 행복, 포근함",간식/음료 조합,[AI 증강]
다이어트 폭망 세트,공통,라면 (봉지),"삼각김밥, 튀김, 탄산 음료","다이어트, 실패, 유혹, 폭식, 후회, 스트레스, 야식",라면/분식 조합,[AI 증강]
늦은 밤 야근 세트,GS25,커피 (대용량),"초콜릿, 견과류, 에너지바","야근, 피로, 졸림, 집중력, 간식, 에너지 충전, 힘내자",음료/간식 조합,[AI 증강]
혼자 떠나는 기차 여행 세트,CU,김밥,"삶은 계란, 사이다, 오징어","기차 여행, 혼자, 설렘, 풍경, 여유, 간식, 추억",간편식/음료 조합,[AI 증강]
고백 성공 기원 세트,세븐일레븐,페레로 로쉐,"장미꽃 (조화), 편지, 따뜻한 음료","고백, 설렘, 긴장, 성공 기원, 선물, 응원, 두근거림",선물/음료 조합,[AI 증강]
입맛 없을 때 세트,공통,요구르트,"시리얼, 꿀, 견과류","입맛 없음, 간단, 아침, 간식, 건강, 달콤, 상큼",간편식/음료 조합,[AI 증강]
우울한 날 극복 세트,GS25,아이스크림 (벤앤제리스),"영화 DVD, 담요, 따뜻한 차","우울, 위로, 달콤, 영화, 집콕, 휴식, 극복",디저트/취미 조합,[AI 증강]
혼자 즐기는 불금 세트,CU,피자 (냉동),"맥주, 콜라, 감자칩","불금, 혼자, 자유, 영화, 게임, 야식, 행복",술안주/야식,[AI 증강]
새벽 감성 폭발 세트,세븐일레븐,컵라면 (해물),"캔 커피, 이어폰, 다이어리","새벽, 감성, 외로움, 음악, 글쓰기, 생각, 라면",라면/취미 조합,[AI 증강]
커플 기념일 축하 세트,공통,와인 (미니),"치즈, 크래커, 초콜릿","기념일, 커플, 축하, 로맨틱, 선물, 행복, 사랑",선물/술안주 조합,[AI 증강]
미세먼지 심한 날 세트,GS25,생수,"목캔디, 마스크, 비타민","미세먼지, 건강, 목 관리, 상쾌, 청결, 보호, 필수템",건강/음료 조합,[AI 증강]
졸음운전 방지 세트,CU,에너지 드링크,"껌, 커피, 얼음컵","졸음 운전, 안전, 각성, 집중력, 장거리 운전, 필수템",음료/간식 조합,[AI 증강]
퇴근 후 힐링 세트,세븐일레븐,족발 (미니),"맥주, 탄산수, 견과류","퇴근, 힐링, 휴식, 혼술, 야식, 편안함, 소확행",술안주/야식,[AI 증강]
과제 폭탄 데이 세트,공통,핫식스,"초콜릿바, 믹스커피, 밤샘각","과제, 시험, 밤샘, 카페인, 당충전, 학업, 대학생",음료/간식 조합,[AI 증강]
매운맛 마니아 도전 세트,GS25,불마왕 볶음면,"쿨피스, 치즈, 삼각김밥(참치마요)","매운맛, 도전, 극한, 스트레스 해소, 땀, 중독, 불닭",라면/분식 조합,[AI 증강]
갑작스런 손님 방문 세트,CU,모듬 튀김,"탄산 음료, 맥주, 소스","손님, 급만남, 환대, 간편, 야식, 맥주, 수다",술안주/야식,[AI 증강]
혼영 필수템 세트,세븐일레븐,팝콘,"콜라, 나쵸, 핫도그","혼영, 영화, 간식, 팝콘, 넷플릭스, 주말, 힐링",간식/음료 조합,[AI 증강]
추억의 분식 세트,공통,떡볶이,"튀김, 순대, 쿨피스","분식, 추억, 학창 시절, 친구, 떡볶이, 맛있다, 매콤",라면/분식 조합,[AI 증강]
장마철 집콕 세트,GS25,컵라면,"김치, 햇반, 계란","장마, 집콕, 눅눅, 라면, 따뜻, 편안, 무료함",라면/간편식 조합,[AI 증강]
게임 폐인 양성 세트,CU,에너지 드링크,"과자, 젤리, 초콜릿","게임, 폐인, 밤샘, 에너지, 집중, 간식, 승리",간식/음료 조합,[AI 증강]
늦잠 방지 알람 세트,세븐일레븐,커피,"에너지바, 물, 껌","늦잠, 지각, 아침, 각성, 정신, 출근, 긴장",음료/간식 조합,[AI 증강]
썸 깨지는 괴식 세트,공통,바나나 우유,"김치, 라면 스프, 단무지","괴식, 호기심, 도전, 실패, 썸, 망함, 비추천",음료/괴식 조합,[AI 증강]
스트레스 해소 펀치 세트,GS25,매운 닭발,"쿨피스, 주먹밥, 계란찜","스트레스, 매운맛, 땀, 분노, 해소, 화끈, 야식",술안주/야식,[AI 증강]
피부 미용 응원 세트,CU,석류 콜라겐 젤리,"비타민 워터, 견과류, 샐러드","피부, 미용, 건강, 관리, 촉촉, 아름다움, 응원",건강/간식 조합,[AI 증강]
영화관 부럽지 않은 세트,세븐일레븐,팝콘,"핫도그, 콜라, 버터 오징어","영화, 간식, 팝콘, 넷플릭스, 주말, 혼영, 힐링",간식/음료 조합,[AI 증강]
등산 후 꿀맛 세트,공통,막걸리,"두부김치, 삶은 계란, 오이","등산, 운동, 땀, 갈증, 휴식, 막걸리, 시원",술안주/야식,[AI 증강]
해외여행 그리움 세트,GS25,수입 맥주,"수입 과자, 라면, 컵밥","여행, 그리움, 추억, 향수, 아쉬움, 대리만족, 휴가",술안주/간식 조합,[AI 증강]
피크닉 감성 충전 세트,CU,샌드위치,"과일, 탄산수, 돗자리","피크닉, 데이트, 날씨, 공원, 설렘, 행복, 사진",간편식/음료 조합,[AI 증강]
혼자 떠나는 낚시 세트,세븐일레븐,참치 김밥,"보온병 커피, 육포, 견과류","낚시, 혼자, 자연, 여유, 기다림, 생각, 간식",간편식/음료 조합,[AI 증강]
숙취 운전 절대 금지 세트,공통,물,"헛개차, 이온 음료, 해장국","숙취, 운전, 위험, 안전, 책임, 건강, 대중교통",음료/간편식 조합,[AI 증강]
커플 게임 데이트 세트,GS25,스낵,"탄산, 초콜릿, 젤리","게임, 데이트, 커플, 즐거움, 간식, 승리, 행복",간식/음료 조합,[AI 증강]
독서 삼매경 세트,CU,아메리카노,"쿠키, 견과류, 책","독서, 휴식, 지식, 마음, 평화, 집중, 커피",음료/취미 조합,[AI 증강]
무더위 탈출 세트,세븐일레븐,아이스크림,"탄산수, 부채, 선풍기","여름, 더위, 시원, 탈출, 휴식, 바다, 피서",간식/기타 조합,[AI 증강]
밤도깨비 야시장 세트,공통,맥주,"닭꼬치, 츄러스, 핫바","밤, 야시장, 서울, 맛집, 데이트, 즐거움, 분위기",술안주/야식,[AI 증강]
단짠 끝판왕 세트,GS25,카라멜 팝콘,"소금 버터, 콜라, 프레첼","단짠, 중독, 영화 감상, 주말, 간식, 무한 흡입, 스트레스 해소",간식/음료 조합,[AI 증강]
심야 영화 감상 세트,CU,나쵸,"맥주, 팝콘, 핫도그","심야, 영화, 혼자, 집, 편안함, 간식, 감성",술안주/간식 조합,[AI 증강]
화이트데이 급 데이트 세트,세븐일레븐,사탕,"초콜릿, 와인, 꽃","화이트데이, 급 데이트, 설렘, 로맨틱, 선물, 사랑, 달콤함",선물/술 조합,[AI 증강]
미래가 불확실할 때 세트,공통,아이스 아메리카노,"에너지바, 견과류, 젤리","불안, 초조, 불확실, 미래, 위로, 격려, 힘내자",음료/간식 조합,[AI 증강]
혼자 코인 노래방 세트,GS25,탄산 음료,"사탕, 초콜릿, 물","혼자, 노래방, 스트레스 해소, 신남, 즐거움, 에너지, 자유",음료/간식 조합,[AI 증강]
택배 기다리는 세트,CU,과자,"탄산 음료, 커피, 젤리","기다림, 설렘, 기대, 초조, 택배, 시간 때우기, 무료함",간식/음료 조합,[AI 증강]
심야 드라이브 세트,세븐일레븐,커피,"핫바, 에너지바, 껌","드라이브, 야경, 혼자, 자유, 힐링, 스트레스 해소, 밤",간식/음료 조합,[AI 증강]
악마의 유혹,GS25,마라볶음면,"매운 치즈 소세지, 불닭 삼각김밥","극도로 매운맛, 스트레스 폭발, 속 쓰림 주의, 매운맛 챌린지, 땀샘 폭발, 잠 깨는 맛, 핵불닭 마니아",라면/분식 조합,[AI 증강]
혼술족 만찬,CU,닭강정,"수입맥주 (4캔), 팝콘, 땅콩","혼자 영화 볼 때, 주말 저녁, 퇴근 후, 나만의 시간, 맥주 안주, 야식, 드라마 정주행",술안주/야식,[AI 증강]
상큼 달콤 디저트,세븐일레븐,요거트 아이스크림,"딸기맛 젤리, 샤인머스캣, 미니 마카롱","기분 전환, 우울할 때, 당 충전, 상큼함 폭발, 디저트 타임, 여자친구 선물, 인스타 감성",디저트,[AI 증강]
든든한 아침 식사,공통,에그 토스트,"바나나 우유, 견과류바","바쁜 아침, 등굣길, 출근 전, 간단한 식사, 든든함, 활기찬 하루 시작, 에너지 충전",간편식사,[AI 증강]
시험 기간 필수템,GS25,커피 (에너지 드링크),"초콜릿, 졸음 방지 껌, 비타민","밤샘 공부, 시험 D-DAY, 집중력 향상, 뇌 활성화, 잠 깨기, 카페인 충전, 벼락치기",음료/간식,[AI 증강]
비 오는 날의 위로,CU,해물파전,"막걸리, 김치, 젓가락","비 오는 날, 센치한 날, 따뜻한 음식, 한국 전통, 어른의 맛, 혼술, 우울한 날",술안주/야식,[AI 증강]
캠핑 파이어 세트,공통,숯불 닭꼬치,"구운 감자, 마시멜로우, 탄산음료","캠핑, 글램핑, 바베큐, 불멍, 자연 속에서, 추억 만들기, 밤, 낭만",간식/구이,[AI 증강]
월급날 FLEX,세븐일레븐,프리미엄 도시락,"탄산 와인, 고급 디저트, 수입 과자","월급날, FLEX, 나를 위한 선물, 고생했어, 특별한 날, 기분 전환, 스트레스 해소",간편식사,[AI 증강]
매콤달콤 떡볶이 파티,GS25,자이언트 떡볶이,"참치마요 삼각김밥, 치즈, 쿨피스","친구들과, 수다, 매콤한, 분식, 주말, 넷플릭스, 땀",라면/분식 조합,[AI 증강]
눈 오는 날의 낭만,CU,"호빵 (단팥, 야채)","따뜻한 우유, 군고구마","눈 오는 날, 따뜻함, 겨울, 낭만, 포근함, 추억, 집콕",간식,[AI 증강]
숙취 해소 끝판왕,공통,헛개차,"해장 라면, 아이스크림, 스포츠 드링크","숙취, 다음날, 괴로움, 간 보호, 속 달래기, 갈증 해소, 회식 다음날",음료/라면,[AI 증강]
나만의 작은 사치,세븐일레븐,수제 맥주,"육포, 올리브, 치즈","퇴근 후, 혼술, 분위기, 여유, 주말, 나를 위한 선물, 작은 행복",술안주/야식,[AI 증강]
초간단 자취 요리,GS25,스파게티 컵라면,"소세지, 슬라이스 치즈","자취생, 귀찮음, 간편, 한 끼 식사, 가성비, 5분 완성, 배고픔",라면/간편식사,[AI 증강]
피크닉 필수템,CU,김밥,"탄산수, 과일 컵, 삶은 계란","소풍, 나들이, 봄, 벚꽃, 햇살, 공원, 데이트",간편식사,[AI 증강]
달콤한 휴식 시간,공통,아이스 아메리카노,"마카롱, 쿠키","오후, 나른함, 졸림, 당 충전, 카페인, 휴식, 힐링",음료/디저트,[AI 증강]
매운맛 마니아 도전,세븐일레븐,불닭 만두,"쿨피스톡, 매운 새우깡","매운맛, 도전, 스트레스 해소, 땀, 눈물, 중독, 핵불닭",라면/분식,[AI 증강]
든든한 야식,GS25,족발,"소주, 쌈장, 새우젓","야식, 밤, 배고픔, 혼술, 드라마, 주말, 힐링",술안주/야식,[AI 증강]
상큼한 여름 간식,CU,수박바,"탄산수, 레몬 슬라이스","여름, 더위, 상큼, 시원, 달콤, 갈증 해소, 피크닉",간식,[AI 증강]
간단한 점심,공통,삼각김밥,"컵라면, 단무지","점심, 직장인, 학생, 간단, 가성비, 혼밥, 빨리",간편식사/라면,[AI 증강]
달콤한 위로,세븐일레븐,초코 아이스크림,"초콜릿, 마시멜로우","우울, 스트레스, 달콤, 위로, 힐링, 선물, 기분 전환",디저트,[AI 증강]
고급진 혼술 안주,GS25,훈제 삼겹살,"와인, 발사믹 소스, 샐러드","혼술, 고급, 분위기, 와인, 특별한 날, 주말, 힐링",술안주,[AI 증강]
든든한 겨울 간식,CU,군고구마,"우유, 김치","겨울, 따뜻, 달콤, 든든, 간식, 추억, 호호",간식,[AI 증강]
매콤한 닭발 파티,공통,무뼈 닭발,"계란찜, 주먹밥, 쿨피스","매콤, 스트레스 해소, 친구, 밤, 야식, 술안주, 땀",술안주/야식,[AI 증강]
상쾌한 아침,세븐일레븐,과일 주스,"요거트, 시리얼바","아침, 상쾌, 건강, 활력, 에너지, 가벼움, 시작",음료/간편식사,[AI 증강]
악마의 칼로리 폭탄,GS25,페스츄리 도넛,"아이스크림, 휘핑크림","단맛, 칼로리, 폭탄, 스트레스, 행복, 멈출 수 없어, 유혹",디저트,[AI 증강]
추억의 분식,CU,피카츄 돈까스,"슬러시, 떡꼬치","어린 시절, 추억, 향수, 초등학교 앞,  nostalgia, 90년대생, 아련함",간식/분식,[AI 증강]
혼자 떠나는 여행,공통,육개장 사발면,"김치, 햇반, 생수","여행, 혼자, 자유, 설렘, 휴식, 간편함, 낭만",라면/간편식사,[AI 증강]
화끈한 불금,세븐일레븐,매운 라면,"계란, 참치마요 삼각김밥, 맥주","불금, 스트레스 해소, 매운맛, 혼술, 퇴근 후, 자유, 땀",라면/술안주,[AI 증강]
뇌가 찡한 괴식,GS25,박카스,"커피, 에너지 드링크","괴식, 카페인 과다, 잠깨기, 쓴맛, 피로, 밤샘, 극단적",음료,[AI 증강]
이냉치냉,CU,냉면,"얼음, 냉동만두, 겨자","겨울, 추위, 이냉치냉, 시원함, 도전, 극한, 짜릿함",간편식사,[AI 증강]
달콤한 크리스마스,공통,케이크,"샴페인, 초콜릿, 캔들","크리스마스, 연말, 파티, 행복, 따뜻함, 사랑, 선물",디저트,[AI 증강]
혼자 먹는 짜장 파티,세븐일레븐,짜장라면,"단무지, 계란후라이, 콜라","혼밥, 짜장면, 주말, 귀찮음, 간편함, 맛있다, 행복",라면,[AI 증강]
우울할 때 먹는 단짠,GS25,솔티드 카라멜 팝콘,"콜라, 감자칩","우울, 단짠, 스트레스 해소, 영화, 주말, 위로, 힐링",간식,[AI 증강]
든든한 브런치,CU,베이글,"크림치즈, 샐러드, 아메리카노","브런치, 주말, 여유, 카페, 햇살, 힐링, 맛있다",간편식사,[AI 증강]
매운맛 중독자를 위한 세트,공통,틈새라면,"매운 어묵, 쿨피스","매운맛, 중독, 스트레스 해소, 땀, 눈물, 도전, 극강",라면,[AI 증강]
고소한 아침 식사,세븐일레븐,참깨라면,"바나나, 우유","고소함, 아침, 든든함, 간편, 따뜻함, 활기찬 시작, 맛있다",라면/간편식사,[AI 증강]
달콤한 영화관 데이트,GS25,카라멜 팝콘,"콜라, 나쵸","데이트, 영화, 달콤, 즐거움, 커플, 행복, 영화관",간식,[AI 증강]
밤샘 코딩,CU,에너지 드링크,"초콜릿바, 커피","밤샘, 코딩, 개발자, 피로, 집중력, 각성, 괴로움",음료/간식,[AI 증강]
스트레스 해소 펀치,공통,불닭볶음면,"아이스크림, 탄산수","스트레스, 매운맛, 통쾌함, 눈물, 땀, 해소, 화끈",라면,[AI 증강]
심플한 꿀조합,세븐일레븐,소시지,"핫소스, 머스타드","간단함, 심플, 맛, 빠른, 가성비, 혼족, 평범함",간식,[AI 증강]
감성 캠핑,GS25,모닥불,"마시멜로우, 핫초코","캠핑, 감성, 밤, 낭만, 분위기, 따뜻함, 휴식",간식,[AI 증강]
역대급 느끼함,CU,까르보불닭볶음면,"모짜렐라 치즈, 체다 치즈","느끼함, 고소함, 칼로리 폭탄, 멈출 수 없음, 중독성, 느끼 Max, 극강",라면,[AI 증강]
아재 입맛 저격,공통,새우깡,막걸리,"아재, 옛날, 추억, 향수, 주말, 편안함, 무난함",간식/술,[AI 증강]
고독한 미식가,세븐일레븐,장어덮밥,사케,"고독, 미식, 혼밥, 분위기, 일본, 맛, 특별함",간편식,[AI 증강]
자취생 힐링 식단,GS25,계란찜,"스팸, 김","자취, 힐링, 집밥, 따뜻함, 쉬움, 저녁, 행복",간편식,[AI 증강]
비오는 날 창가,CU,캔커피,담배,"흡연, 감성, 센치, 우울, 과거, 회상, 비",기호품,[AI 증강]
악마의 유혹,GS25,마라볶음면,"매운 치즈 소시지, 쿨피스","극강의 매운맛, 스트레스 폭발, 화나는 날, 매운맛 챌린지, 땀샘 폭발, 잠 깨는 맛",라면/분식 조합,[AI 생성]
혼술 감성 폭발,세븐일레븐,모듬튀김,"수입맥주 (4캔), 간장","퇴근 후, 혼자만의 시간, 드라마 보면서, 맥주 안주, 넷플릭스, 야식, 쓸쓸한 밤",술안주/야식,[AI 생성]
초코 덕후의 행복,CU,초코 에끌레어,"진한 초코 우유, 초코칩 쿠키","당 떨어질 때, 우울한 날, 초콜릿 중독, 달콤한 위로, 행복 충전, 스트레스 해소",디저트,[AI 생성]
자취생 만찬,공통,햇반,"참치캔, 김치, 계란","간단한 식사, 귀찮을 때, 자취 요리, 가성비, 든든한 한 끼, 냉장고 파먹기",간편식사,[AI 생성]
비 오는 날의 낭만,GS25,김치전,"막걸리, 젓가락","비 오는 날, 파전, 막걸리, 빗소리, 낭만, 분위기, 집에서 즐기는 술",술안주/야식,[AI 생성]
월급날의 사치,세븐일레븐,수제 맥주,"프리미엄 육포, 치즈","월급날, 나를 위한 선물, 고급 안주, 행복, 여유, 혼술, 고생했어",술안주/야식,[AI 생성]
캠핑 필수템,CU,숯불 닭꼬치,"소시지, 구워먹는 치즈, 쌈장","캠핑, 바베큐, 불멍, 야외, 여행, 저녁, 맛있는 안주",간편식사,[AI 생성]
시험 기간 벼락치기,공통,에너지 드링크,"커피, 초콜릿, 견과류","시험 기간, 밤샘, 졸음 방지, 집중력 향상, 벼락치기, 피곤, 카페인",간식,[AI 생성]
환상의 꿀조합,GS25,짜장라면 (컵),"삼각김밥 (참치마요), 단무지","환상의 궁합, 든든한 한 끼, 가성비, 최고의 맛, 점심, 저녁",라면/분식 조합,[AI 생성]
상큼 터지는 아침,세븐일레븐,요거트,"그래놀라, 냉동 블루베리","건강, 다이어트, 아침 식사, 상큼, 가벼운 식사, 예뻐지는 맛",간편식사,[AI 생성]
스트레스 박살,CU,닭발,"계란찜, 주먹밥","매운맛, 스트레스 해소, 야식, 술안주, 불닭, 화끈한 맛",술안주/야식,[AI 생성]
달콤한 휴식,공통,마카롱,"아메리카노, 비스킷","오후, 휴식, 커피, 달콤, 디저트, 당 충전, 기분 전환",디저트,[AI 생성]
고독한 미식가,GS25,도시락 (혜자 도시락),"미소된장국, 김","혼밥, 점심, 저녁, 가성비, 든든한 식사, 고독, 맛있는 한 끼",간편식사,[AI 생성]
입 터지는 날,세븐일레븐,피자,"콜라, 갈릭 디핑 소스","야식, 주말, 배달, 맛있는 음식, 행복, 파티, 칼로리 폭탄",간편식사,[AI 생성]
눈 오는 날의 따뜻함,CU,호빵,"따뜻한 우유, 귤","겨울, 눈, 따뜻, 간식, 행복, 추억, 포근함",간식,[AI 생성]
나른한 오후의 유혹,공통,아이스크림,"커피, 과자","나른함, 오후, 시원함, 달콤함, 간식, 졸음 방지, 기분 전환",디저트,[AI 생성]
출근길 든든함,GS25,샌드위치,"두유, 바나나","아침, 출근, 간단함, 든든함, 건강, 시간 절약, 활기찬 하루",간편식사,[AI 생성]
영화관 부럽지 않네,세븐일레븐,팝콘,"콜라, 나쵸","영화, 주말, 집, 간식, 재미, 편안함, 즐거움",간식,[AI 생성]
매콤달콤 환상조합,CU,떡볶이,"튀김, 쿨피스","분식, 매콤, 달콤, 야식, 주말, 맛있는 음식, 행복",라면/분식 조합,[AI 생성]
힐링타임,공통,허브티,"견과류, 말린 과일","휴식, 힐링, 차, 건강, 여유, 평화, 따뜻함",간식,[AI 생성]
장마철 꿀꿀함 날려버려,GS25,부침개,"동동주, 김치","장마, 비, 우울, 파전, 술, 위로, 따뜻함",술안주/야식,[AI 생성]
개강 기념 핵꿀맛,세븐일레븐,불닭볶음면,"참치마요 삼각김밥, 치즈","개강, 스트레스, 매운맛, 핵꿀맛, 중독, 행복, 맛있다",라면/분식 조합,[AI 생성]
기말고사 멘탈 강화,CU,에너지 드링크,"젤리, 초콜릿","기말고사, 밤샘, 졸림, 집중력, 멘탈, 당충전, 버닝",간식,[AI 생성]
크리스마스 홈파티,공통,케이크,"샴페인, 치킨","크리스마스, 파티, 행복, 연말, 축제, 즐거움, 특별함",간편식사,[AI 생성]
송년회 뒷풀이,GS25,라면,"김밥, 맥주","송년회, 뒷풀이, 술, 밤, 아쉬움, 추억, 즐거움",라면/분식 조합,[AI 생성]
새해맞이 행운 가득,세븐일레븐,떡국,"김치, 만두","새해, 행운, 가족, 따뜻함, 희망, 시작, 복",간편식사,[AI 생성]
화이트데이 설렘 폭발,CU,사탕,"초콜릿, 인형","화이트데이, 사랑, 설렘, 선물, 행복, 로맨틱, 두근거림",간식,[AI 생성]
만우절 장난 세트,공통,페이크 푸드,"매운 과자, 신 과자","만우절, 장난, 웃음, 재미, 속임수, 즐거움, 깜짝",간식,[AI 생성]
어린이날 추억 소환,GS25,불량식품,"초콜릿, 사탕","어린이날, 추억, 과거, 행복, 순수, 즐거움, 그리움",간식,[AI 생성]
무더위 탈출,세븐일레븐,팥빙수,"아이스 아메리카노, 수박바","더위, 여름, 시원함, 달콤함, 휴식, 피서, 행복",디저트,[AI 생성]
가을밤 감성 충전,CU,군고구마,"따뜻한 우유, 밤","가을, 밤, 따뜻함, 고소함, 감성, 낭만, 분위기",간식,[AI 생성]
입맛 없을 때,공통,비빔면,"삼겹살, 열무김치","입맛 없음, 여름, 매콤함, 시원함, 잃어버린 입맛, 자극",라면/분식 조합,[AI 생성]
미세먼지 OUT,GS25,생수,"견과류, 배즙","미세먼지, 건강, 청결, 상쾌함, 깨끗함, 맑음",간편식사,[AI 생성]
프로 야근러 세트,CU,컵라면 (큰사발),"핫바, 커피","야근, 밤샘, 피곤, 배고픔, 에너지 충전, 스트레스 해소, 빠른 식사",라면/분식 조합,[AI 생성]
혼자 떠나는 기차여행,GS25,삶은 계란,"사이다, 오징어","기차여행, 혼행, 여유, 풍경 감상, 심심풀이, 추억, 낭만",간식,[AI 생성]
다이어트 결심,세븐일레븐,닭가슴살,"샐러드, 제로 콜라","다이어트, 건강, 운동, 식단 관리, 체중 감량, 예뻐지기, 자기 관리",간편식사,[AI 생성]
뜻밖의 조합,CU,아이스크림 (스크류바),"탄산수, 소주","괴식, 실험 정신, 술, 여름, 더위, 새로운 맛, 의외의 조합",술안주/야식,[AI 생성]
불금 파티,GS25,감자칩,"맥주, 나쵸","불금, 주말, 친구, 파티, 신남, 즐거움, 스트레스 해소",술안주/야식,[AI 생성]
과식 후 죄책감,세븐일레븐,소화제,"매실차, 물","과식, 배부름, 소화 불량, 죄책감, 건강, 편안함, 후회",건강,[AI 생성]
비행기 이륙 전,공통,껌,"물, 멀미약","여행, 비행기, 멀미, 불안함, 설렘, 긴장, 안전",간식,[AI 생성]
꿀잠 예약 세트,CU,따뜻한 우유,"꿀, 바나나","불면증, 잠, 꿀잠, 편안함, 휴식, 따뜻함, 숙면",간편식사,[AI 생성]
기분 전환 뿜뿜,GS25,탄산 음료,"젤리, 아이스크림","우울, 스트레스, 기분 전환, 상쾌함, 달콤함, 즐거움, 행복",디저트,[AI 생성]
늦은 밤 영화 감상,세븐일레븐,팝콘,"콜라, 핫도그","영화, 야식, 혼자, 주말, 즐거움, 편안함, 힐링",간식,[AI 생성]
소주 칵테일,공통,소주,"이프로, 얼음컵","혼술, 술, 칵테일, 간단, 저렴, 꿀맛, 더위",술안주/야식,[AI 생성]
매운맛 마니아,CU,불닭 만두,"쿨피스, 단무지","매운, 만두, 스트레스, 중독, 화끈, 땀, 눈물",라면/분식 조합,[AI 생성]
입 안에서 사르르,GS25,생크림 케이크,"아메리카노, 우유","디저트, 달콤, 부드러움, 행복, 선물, 축하, 기쁨",디저트,[AI 생성]
오늘 하루도 수고했어,세븐일레븐,캔맥주,"쥐포, 견과류","퇴근, 위로, 휴식, 혼술, 편안, 저녁, 힐링",술안주/야식,[AI 생성]
혼술 치즈 폭탄,GS25,육즙가득 숯불구이 닭꼬치,"모짜렐라 치즈, 체다 치즈, 맥주 (500ml)","퇴근 후, 혼술, 치즈 덕후, 스트레스 해소, 맥주 안주, 야식, 영화 감상",술안주/야식,[AI 증강]
매운 크림 파스타,CU,까르보불닭볶음면 (컵),"생크림 (200ml), 스트링 치즈, 후추","주말, 브런치, 매운맛, 느끼함, 혼밥, 크림 파스타, 자취 요리, 퓨전",라면/분식 조합,[AI 증강]
고급진 브런치,세븐일레븐,에그샐러드 샌드위치,"탄산수, 과일 (컵), 견과류","아침, 브런치, 다이어트, 건강, 상쾌, 여유, 카페 분위기, 혼밥",간편식사,[AI 증강]
달콤 살벌한 에너지 충전,공통,핫식스,"초콜릿 (가나), 에너지바, 아메리카노","시험 기간, 야근, 졸릴 때, 집중력 향상, 당 충전, 밤샘, 벼락치기, 피곤",음료/간식,[AI 증강]
비 오는 날의 위로,공통,컵라면 (신라면),"삼각김밥 (참치마요), 김치, 따뜻한 우유","비 오는 날, 우울, 따뜻함, 혼밥, 위로, 감성, 집콕, 편안함",라면/분식 조합,[AI 증강]
월급날의 만찬,GS25,스테이크 도시락,"레드 와인 (미니), 고급 치즈, 샐러드","월급날, 특별한 날, 혼밥, 고급, 행복, 자축, 보상, 풍요",간편식사,[AI 증강]
캠핑 파이어 세트,CU,마시멜로우,"숯불, 일회용 그릴, 소시지, 맥주","캠핑, 밤, 불멍, 친구, 추억, 자연, 바베큐, 낭만",술안주/야식,[AI 증강]
눈 오는 날의 낭만,세븐일레븐,호빵 (단팥),"따뜻한 커피, 귤, 담요","눈 오는 날, 겨울, 따뜻함, 낭만, 혼자, 창밖, 아늑함, 평화",간식,[AI 증강]
숙취 해소 끝판왕,공통,헛개차,"해장 라면 (콩나물), 아이스크림 (스크류바), 이온 음료","숙취, 다음 날, 괴로움, 해장, 시원함, 달콤함, 속 풀이, 후회",음료/라면,[AI 증강]
피크닉 도시락,CU,유부초밥,"미니 샐러드, 과일 주스, 물티슈","소풍, 나들이, 봄, 데이트, 햇살, 상큼, 행복, 설렘",간편식사,[AI 증강]
악마의 유혹,GS25,마라탕면 (컵),"치즈볼, 탄산 음료 (콜라), 아이스크림 (초코)","스트레스, 매운맛, 자극, 중독, 야식, 후회, 쾌감, 고칼로리",라면/분식 조합,[AI 증강]
건강 관리 세트,세븐일레븐,닭가슴살,"샐러드, 아몬드 브리즈, 삶은 계란","다이어트, 건강, 운동, 식단, 자기 관리, 상쾌, 가벼움, 활력",간편식사,[AI 증강]
무더위 탈출,공통,아이스 아메리카노,"수박바, 얼음컵, 물","여름, 더위, 시원함, 청량함, 갈증 해소, 휴식, 에너지 충전, 활기",음료/간식,[AI 증강]
간단 아침 식사,CU,모닝빵,"딸기잼, 크림 치즈, 우유","아침, 간단, 바쁜 날, 든든, 달콤, 여유, 시작, 활기",간편식사,[AI 증강]
영화관 부럽지 않은,GS25,팝콘 (카라멜),"나쵸, 콜라, 핫도그","영화, 주말, 집콕, 즐거움, 간식, 편안함, 기대, 설렘",간식,[AI 증강]
혼자 떠나는 여행,세븐일레븐,김밥,"물, 견과류, 초콜릿","여행, 혼자, 자유, 설렘, 풍경, 여유, 힐링, 추억",간편식사,[AI 증강]
가을밤 독서,공통,밤 맛 우유,"고구마 스틱, 따뜻한 차, 담요","가을, 밤, 독서, 감성, 따뜻함, 여유, 평화, 사색",음료/간식,[AI 증강]
매콤달콤 야식,CU,닭강정 (컵),"쿨피스, 단무지, 김말이","밤, 야식, 스트레스, 매콤, 달콤, 즐거움, 후회, 유혹",술안주/야식,[AI 증강]
불금 파티,GS25,감자튀김,"맥주 (4캔), 핫소스, 치즈 소스","금요일, 파티, 친구, 신남, 즐거움, 자유, 맥주, 에너지",술안주/야식,[AI 증강]
입 터짐 방지,세븐일레븐,곤약 젤리,"견과류, 물, 방울토마토","다이어트, 식단, 관리, 간식, 건강, 가벼움, 만족, 자기 통제",간식,[AI 증강]
눈물 쏙 빼는 매운맛,공통,불닭볶음면 (봉지),"쿨피스, 계란찜, 우유","스트레스, 매운맛, 도전, 눈물, 콧물, 해소, 쾌감, 중독",라면/분식 조합,[AI 증강]
공부하다 지칠 때,CU,비타500,"초콜릿, 견과류, 커피","시험, 공부, 집중, 피곤, 당 충전, 에너지, 밤샘, 활력",음료/간식,[AI 증강]
늦은 밤 영화 감상,GS25,나쵸,"치즈 소스, 맥주, 팝콘","밤, 영화, 혼자, 여유, 즐거움, 편안함, 휴식, 기대",술안주/야식,[AI 증강]
출근길 든든하게,세븐일레븐,삼각김밥,"바나나, 우유, 에너지바","아침, 출근, 바쁨, 든든, 에너지, 활력, 간편, 시작",간편식사,[AI 증강]
장마철 우울 극복,공통,부침개,"막걸리, 김치, 라면","장마, 우울, 집콕, 따뜻, 행복, 위로, 여유, 극복",술안주/야식,[AI 증강]
나만의 작은 사치,CU,수입 맥주 (기네스),"육포, 치즈, 올리브","혼술, 밤, 여유, 사치, 고급, 만족, 행복, 힐링",술안주/야식,[AI 증강]
입안에서 터지는 행복,GS25,아이스크림 (벤앤제리스),"탄산수, 초콜릿, 쿠키","스트레스, 행복, 달콤, 시원, 즐거움, 위로, 충전, 만족",간식,[AI 증강]
혼자만의 힐링 타임,세븐일레븐,따뜻한 차 (캐모마일),"쿠키, 견과류, 책","혼자, 여유, 힐링, 평화, 따뜻, 위로, 행복, 충전",음료/간식,[AI 증강]
인싸력 폭발,공통,젤리,"사탕, 초콜릿, 스낵","친구, 파티, 즐거움, 신남, 웃음, 추억, 선물, 행복",간식,[AI 증강]
매운맛에 도전,CU,핵불닭볶음면,"쿨피스, 우유, 치즈","도전, 매운맛, 스트레스, 눈물, 콧물, 해소, 쾌감, 극복",라면/분식 조합,[AI 증강]
여행 필수템,GS25,육포,"물, 견과류, 초콜릿","여행, 이동, 간식, 든든, 편리, 즐거움, 추억, 에너지",간식,[AI 증강]
입맛 없을 때,세븐일레븐,비빔면,"삶은 계란, 오이, 김치","입맛 없음, 점심, 간편, 매콤, 상큼, 활력, 식욕, 자극",라면/분식 조합,[AI 증강]
달콤한 휴식,공통,커피,"케이크, 쿠키, 초콜릿","휴식, 여유, 달콤, 행복, 따뜻, 위로, 충전, 편안",음료/간식,[AI 증강]
지친 하루 끝,CU,맥주,"나쵸, 치즈, 육포","퇴근, 밤, 혼술, 여유, 위로, 편안, 휴식, 행복",술안주/야식,[AI 증강]
뇌가 번쩍,GS25,에너지 드링크,"초콜릿, 사탕, 커피","졸림, 집중, 공부, 시험, 밤샘, 에너지, 활력, 각성",음료/간식,[AI 증강]
매콤새콤 입맛 자극,세븐일레븐,쫄면,"만두, 김밥, 쿨피스","점심, 입맛 없음, 매콤, 새콤, 활력, 식욕, 자극, 간편",라면/분식 조합,[AI 증강]
심플 이즈 베스트,공통,우유,"빵, 시리얼, 쿠키","아침, 간편, 든든, 건강, 활력, 시작, 심플, 만족",간편식사,[AI 증강]
환상의 단짠,CU,단짠 감자칩,"탄산 음료, 아이스크림, 초콜릿","스트레스, 단짠, 즐거움, 중독, 간식, 후회, 행복, 유혹",간식,[AI 증강]
퇴근 후 소소한 행복,GS25,와인,"치즈, 크래커, 올리브","퇴근, 밤, 혼술, 여유, 행복, 위로, 힐링, 편안",술안주/야식,[AI 증강]
상큼함 한가득,세븐일레븐,과일 주스,"샐러드, 요거트, 견과류","아침, 건강, 상큼, 활력, 다이어트, 가벼움, 시작, 에너지",음료/간식,[AI 증강]
나른한 오후,공통,믹스 커피,"비스킷, 사탕, 초콜릿","오후, 나른함, 졸림, 달콤, 각성, 에너지, 위로, 휴식",음료/간식,[AI 증강]
혼자 떠나는 겨울바다,CU,컵라면 (해물),"따뜻한 커피, 호빵, 핫팩","겨울, 바다, 혼자, 낭만, 여유, 따뜻, 추억, 힐링",라면/분식 조합,[AI 증강]
새로운 맛의 발견,GS25,바밤바,에스프레소 샷,"괴식, 도전, 커피, 달콤, 쌉쌀, 궁금, 새로운 맛, 탐험",음료/간식,[AI 증강]
공복에 괴로울 때,세븐일레븐,에너지바,"견과류, 우유, 바나나","배고픔, 공복, 간편, 든든, 건강, 활력, 에너지, 만족",간식,[AI 증강]
봄날의 핑크빛,공통,딸기 우유,"딸기맛 과자, 벚꽃 팝콘, 핑크 레모네이드","봄, 벚꽃, 핑크, 사랑, 설렘, 행복, 달콤, 낭만",음료/간식,[AI 증강]
우울한 날의 작은 행복,CU,초코 케이크,"따뜻한 우유, 아이스크림, 초콜릿","우울, 위로, 달콤, 행복, 휴식, 편안, 밤, 극복",간식,[AI 증강]
든든한 한 끼 식사,GS25,도시락 (김치볶음밥),"계란 후라이, 김, 김치","점심, 저녁, 혼밥, 간편, 든든, 만족, 활력, 에너지",간편식사,[AI 증강]
오늘 하루 수고했어,세븐일레븐,따뜻한 사케,"꼬치, 어묵, 단무지","퇴근, 위로, 밤, 혼술, 따뜻, 여유, 편안, 행복",술안주/야식,[AI 증강]
나만의 작은 영화관,공통,팝콘,"콜라, 나쵸, 핫도그","영화, 주말, 집콕, 즐거움, 편안, 휴식, 기대, 설렘",간식,[AI 증강]
상큼한 기분 전환,CU,레몬 에이드,"탄산수, 젤리, 사탕","기분 전환, 상큼, 활력, 졸림, 리프레쉬, 에너지, 즐거움, 만족",음료/간식,[AI 증강]
매콤한 저녁,GS25,떡볶이,"튀김, 김밥, 쿨피스","저녁, 매콤, 든든, 만족, 즐거움, 스트레스 해소, 식욕, 자극",라면/분식 조합,[AI 증강]
힐링 푸드,세븐일레븐,죽,"장조림, 김치, 물","아플 때, 위로, 편안, 따뜻, 휴식, 힐링, 건강, 회복",간편식사,[AI 증강]
월급날 FLEX 세트,GS25,수입 맥주 (4캔),"육포, 나쵸, 수입 과자","월급날, 스트레스 해소, 퇴근 후, 혼술, 넷플릭스, 소소한 행복, 통장 잔고 확인, 자축",술안주/야식,[AI 증강]
비 오는 날 파전 세트,CU,부침가루,"막걸리, 김치, 계란","비 오는 날, 집콕, 파전, 막걸리, 꿀꿀한 날씨, 따뜻함, 빗소리, 힐링",간편조리,[AI 증강]
시험기간 벼락치기 세트,세븐일레븐,에너지 드링크,"커피, 초콜릿, 견과류, 핫식스","시험기간, 벼락치기, 밤샘, 졸음, 집중력 향상, 카페인 충전, 정신 번쩍, 불안",음료/간식,[AI 증강]
혼자 캠핑 분위기 세트,공통,숯불 닭꼬치,"캔맥주, 마시멜로우, 나무젓가락, 종이컵","캠핑, 혼자, 분위기, 불멍, 밤, 별, 고독, 낭만",술안주/야식,[AI 증강]
숙취 해소 끝판왕 세트,GS25,헛개차,"해장라면, 스포츠 음료, 아이스크림, 삶은 계란","숙취, 다음 날, 괴로움, 속 쓰림, 갈증, 회식, 어제 기억 삭제, 후회",음료/라면,[AI 증강]
매운맛 마니아 도전 세트,CU,핵불닭볶음면,"쿨피스, 삼각김밥 (참치마요), 치즈","매운맛, 도전, 극한, 땀, 스트레스 해소, 챌린지, 고통, 성취감",라면/분식,[AI 증강]
달콤한 눈 오는 날 세트,세븐일레븐,핫초코,"미니 붕어빵, 호빵, 고구마 말랭이","눈 오는 날, 따뜻함, 달콤함, 겨울, 포근함, 낭만, 설렘, 첫눈",음료/간식,[AI 증강]
다이어트 실패 자축 세트,공통,치킨 (조각),"콜라, 감자튀김, 햄버거","다이어트 실패, 자포자기, 폭식, 후회, 죄책감, 행복, 꿀맛, 망했어",즉석조리,[AI 증강]
퇴근 후 힐링 세트,GS25,아이스 아메리카노,"마카롱, 스콘, 조각 케이크","퇴근 후, 힐링, 여유, 혼자, 카페, 달콤함, 위로, 충전",음료/디저트,[AI 증강]
입맛 없을 때 세트,CU,새콤달콤 비빔면,"만두, 열무김치, 참치캔","입맛 없음, 더위, 상큼함, 매콤함, 점심, 간편함, 활력, 식욕 자극",라면/분식,[AI 증강]
솔로 크리스마스 극복 세트,세븐일레븐,케이크 (미니),"와인 (미니), 닭강정, 영화 티켓 (온라인)","크리스마스, 솔로, 외로움, 극복, 영화, 자기 위로, 괜찮아, 내년엔",간편식/주류,[AI 증강]
우울한 날 눈물콧물 세트,공통,매운 떡볶이,"초코 아이스크림, 바나나 우유, 핫도그","우울, 눈물, 위로, 달콤함, 매콤함, 스트레스, 풀자, 괜찮아질거야",분식/디저트,[AI 증강]
게임 폐인 야식 세트,GS25,팝콘,"콜라, 닭다리, 오징어땅콩","게임, 밤샘, 야식, 폐인, 멈출 수 없어, 승리, 짜릿함, 새벽",간식/음료,[AI 증강]
장마철 집순이 세트,CU,컵라면 (큰사발),"김치, 햇반, 계란","장마, 집순이, 무료함, 따뜻함, 든든함, 빗소리, 아늑함, 방콕",간편식,[AI 증강]
등산 후 꿀맛 세트,세븐일레븐,막걸리,"두부김치, 김밥, 삶은 계란","등산, 하산, 꿀맛, 시원함, 갈증, 보상, 건강, 뿌듯함",주류/안주,[AI 증강]
불면증 퇴치 세트 (괴식),공통,우유,"꿀, 바나나, 시리얼 (단맛)","불면증, 잠 안 옴, 괴식, 따뜻함, 달콤함, 억지로라도, 제발 잠들자, 내일 걱정",음료/간식,[AI 증강]
미세먼지 심한 날 세트,GS25,생수,"배즙, 도라지청, 마스크, 비타민","미세먼지, 목 아픔, 건강, 보호, 답답함, 청량함, 기관지, 공기청정기",건강,[AI 증강]
새해 다짐 실패 세트,CU,라면 (신라면),"삼각김밥, 탄산음료, 과자","새해, 다짐 실패, 작심삼일, 에라 모르겠다, 자포자기, 꿀맛, 후회는 내일, 다시 시작",간편식,[AI 증강]
출근길 지옥철 세트,세븐일레븐,커피 (테이크 아웃),"껌, 사탕, 이어폰, 멀미약","출근길, 지옥철, 짜증, 피곤, 졸림, 정신 번쩍, 버티자, 긍정",음료/생활,[AI 증강]
혼자 영화관 세트,공통,팝콘 (대),"콜라 (대), 나쵸, 핫도그","혼영, 영화, 팝콘, 즐거움, 자유, 편안함, 눈치 안 봄, 나만의 시간",간식,[AI 증강]
늦은 밤 야근 간식 세트,GS25,삼각김밥,"컵라면, 에너지 드링크, 커피","야근, 늦은 밤, 배고픔, 졸림, 피곤, 힘내자, 동료, 간식",간편식,[AI 증강]
프로 혼밥러 세트,CU,도시락,"김치, 계란후라이, 국","혼밥, 점심, 저녁, 간편, 익숙함, 프로, 맛있음, 가성비",간편식,[AI 증강]
화이트데이 급조 세트,세븐일레븐,사탕,"초콜릿, 젤리, 인형","화이트데이, 급조, 당황, 어색, 센스, 사랑, 행복, 성공적",선물,[AI 증강]
봄 소풍 설렘 세트,공통,김밥,"과일, 음료수, 과자","소풍, 봄, 설렘, 기대, 즐거움, 친구, 햇살, 행복",간편식,[AI 증강]
여름밤 공포 극복 세트,GS25,아이스크림,"탄산음료, 스낵, 손전등","여름밤, 공포, 무서움, 극복, 시원함, 달콤함, 긴장, 스릴",간식,[AI 증강]
추석 귀향길 간식 세트,CU,오징어,"쥐포, 땅콩, 커피","추석, 귀향길, 지루함, 졸림, 간식, 가족, 고향, 행복",간식,[AI 증강]
크리스마스 혼술 세트,세븐일레븐,맥주,"치킨, 피자, 케이크","크리스마스, 혼술, 외로움, 극복, 따뜻함, 위로, 나만의 시간, 괜찮아",주류/안주,[AI 증강]
인싸 챌린지 괴식 세트,공통,불닭볶음면,"초코우유, 아이스크림, 치즈","인싸, 챌린지, 괴식, 매운맛, 단맛, 느끼함, 도전, 후회",라면/디저트,[AI 증강]
출장 복귀 힐링 세트,GS25,수면 안대,"따뜻한 우유, 이어플러그, 마스크팩","출장, 피로, 힐링, 숙면, 편안함, 안락함, 휴식, 충전",생활용품,[AI 증강]
새벽 감성 폭발 세트,CU,캔커피,"담배, 라이터, 믹스커피","새벽, 감성, 우울, 고독, 생각, 밤하늘, 센치, 후회",기호품/음료,[AI 증강]
소나기 피하기 세트,세븐일레븐,우산,"핫초코, 수건, 따뜻한 물","소나기, 비, 젖음, 추움, 따뜻함, 기다림, 잠시 쉬어가기, 안도",생활용품/음료,[AI 증강]
번아웃 극복 세트,공통,영양제,"비타민, 견과류, 에너지바","번아웃, 무기력, 활력, 건강, 충전, 회복, 쉼, 다시 시작",건강,[AI 증강]
뜻밖의 데이트 세트,GS25,와인,"치즈, 크래커, 초콜릿","데이트, 설렘, 로맨틱, 분위기, 성공적, 예감, 행복, 사랑",주류/안주,[AI 증강]
악몽 퇴치 세트,CU,따뜻한 우유,"꿀, 바나나, 라벤더 오일","악몽, 불안, 숙면, 편안함, 안심, 위로, 부드러움, 잠",음료/생활,[AI 증강]
기말고사 D-1 세트,세븐일레븐,밤샘 각성 커피,"에너지바, 초콜릿, 견과류","기말고사, D-1, 불안, 초조, 집중, 밤샘, 합격 기원, 마지막 스퍼트",간식/음료,[AI 증강]
혼자 떠나는 즉흥 여행 세트,공통,선글라스,"지도, 물, 간식","즉흥 여행, 자유, 설렘, 모험, 힐링, 혼자, 즐거움, 새로운 시작",여행,[AI 증강]
이직 성공 자축 세트,GS25,샴페인,"케이크, 고급 안주, 꽃다발","이직, 성공, 자축, 행복, 새로운 시작, 기대, 설렘, 미래",축하,[AI 증강]
고백 성공 기원 세트,CU,페레로 로쉐,"편지, 꽃, 향수","고백, 성공, 설렘, 긴장, 떨림, 사랑, 용기, 두근거림",선물,[AI 증강]
늦더위 짜증 해소 세트,세븐일레븐,아이스크림,"탄산수, 과일, 얼음컵","늦더위, 짜증, 더위, 시원함, 달콤함, 청량함, 상쾌함, 기분 전환",간식/음료,[AI 증강]
나홀로 불금 세트,공통,수입맥주 4캔,"나쵸, 팝콘, 감자칩","불금, 혼술, 자유, 편안함, 넷플릭스, 게임, 힐링, 소소한 행복",주류/안주,[AI 증강]
상사 뒷담화 스트레스 해소 세트 (괴식),GS25,매운 라면,"아이스크림, 탄산음료, 젤리","상사, 스트레스, 뒷담화, 매운맛, 단맛, 해소, 분노, 괴식",간식,[AI 증강]
오싹한 공포 영화 감상 세트,CU,팝콘,"콜라, 담요, 초콜릿","공포 영화, 스릴, 긴장, 오싹, 소름, 무서움, 담요, 안도",간식,[AI 증강]
조별과제 발표 성공 기원 세트,세븐일레븐,에너지 드링크,"목캔디, 물, 초콜릿","조별과제, 발표, 긴장, 떨림, 성공, 자신감, 응원, 격려",음료,[AI 증강]
만우절 장난 세트,공통,가짜 돈,"장난감 뱀, 폭죽, 깜짝 상자","만우절, 장난, 웃음, 즐거움, 속임수, 유쾌, 깜짝, 재미",장난감,[AI 증강]
월요병 극복 세트,GS25,커피,"달콤한 빵, 비타민, 긍정 문구","월요병, 우울, 극복, 힘내, 긍정, 커피, 달콤함, 위로",음료/간식,[AI 증강]
늦잠 잔 날 급한 아침 세트,CU,샌드위치,"우유, 바나나, 에너지바","늦잠, 아침, 급함, 배고픔, 간편, 든든, 에너지, 서두름",간편식,[AI 증강]
고독사 방지 세트,세븐일레븐,반려견 간식,"반려묘 간식, 식물 키우기 세트, 인공지능 스피커","고독사, 외로움, 친구, 위로, 생명, 소통, 힐링, 안부",생활,[AI 증강]
좀비 영화 대비 세트,공통,라면,"통조림, 생수, 손전등","좀비, 공포, 생존, 대비, 비상식량, 안전, 긴장, 무서움",생존,[AI 증강]
헤어진 다음 날 술친구 세트,GS25,소주,"과자, 라면, 위로 멘트","헤어짐, 슬픔, 술, 위로, 친구, 공감, 눈물, 새로운 시작",주류,[AI 증강]
자취생 만찬,GS25,햇반,"참치캔, 김치, 계란","혼밥, 귀찮음, 간단한 식사, 가성비, 든든함, 자취 요리, 냉장고 파먹기",간편 식사,[AI 증강]
영화관 스낵,공통,팝콘 (카라멜),"콜라, 나쵸","영화 감상, 주말, 데이트, 심야 영화, 달콤함, 짭짤함, 영화관 분위기",간식,[AI 증강]
매운맛 폭발,세븐일레븐,마라탕면 (컵),"매운 닭꼬치, 쿨피스","스트레스 해소, 화나는 날, 매운맛 중독, 얼얼함, 이열치열, 땀 흘리기",라면/분식 조합,[AI 증강]
비 오는 날의 낭만,CU,해물파전,"막걸리, 김치전","비, 센치, 낭만, 집콕, 빈대떡, 술, 따뜻함, 평온",술안주/야식,[AI 증강]
시험기간 버프,공통,에너지 드링크,"초콜릿, 견과류","시험, 밤샘, 졸림, 집중력, 각성, 벼락치기, 불안, 초조",간식,[AI 증강]
캠핑 파이어,GS25,소시지,"마시멜로우, 불멍 장작, 맥주","캠핑, 불, 밤, 친구, 추억, 자연, 휴식, 바베큐",술안주/야식,[AI 증강]
월급날의 사치,세븐일레븐,수입 맥주 (4캔),"육포, 치즈","월급, 행복, 보상, 스트레스 해소, 자유, 풍요, 여유, 퇴근",술안주/야식,[AI 증강]
눈 오는 날의 따뜻함,CU,호빵 (단팥),"따뜻한 우유, 핫팩","눈, 겨울, 따뜻, 포근, 행복, 감성, 추억, 힐링",간식,[AI 증강]
혼술의 정석,공통,혼술 안주 (모듬),"소주, 영화 티켓","혼자, 위로, 스트레스, 퇴근, 밤, 고독, 우울, 힐링",술안주/야식,[AI 증강]
야근 극복 세트,GS25,커피 (아메리카노),"핫식스, 초콜릿바","야근, 피곤, 졸림, 에너지 충전, 당 충전, 버티기, 회사, 절망",간식,[AI 증강]
등산 필수템,세븐일레븐,생수,"에너지바, 견과류","등산, 건강, 운동, 자연, 상쾌, 성취감, 갈증 해소, 정상",간편 식사,[AI 증강]
달콤한 휴식,CU,아이스크림 (콘),"젤리, 사탕","휴식, 달콤, 행복, 더위, 기분 전환, 스트레스 해소, 아이",간식,[AI 증강]
간단한 아침,공통,삼각김밥,"바나나, 우유","아침, 출근, 간편, 바쁨, 든든, 시간 절약, 학생",간편 식사,[AI 증강]
게임 폐인 세트,GS25,감자칩,"탄산 음료, 핫바","게임, 밤샘, 심심, 중독, 스트레스 해소, 친구, 온라인, 승리",간식,[AI 증강]
퇴근 후 맥주,세븐일레븐,맥주 (캔),"쥐포, 땅콩","퇴근, 휴식, 스트레스 해소, 시원함, 혼술, 자유, 편안함, 위로",술안주/야식,[AI 증강]
고급진 혼술,CU,와인 (미니),"치즈, 올리브","혼술, 분위기, 고급, 특별, 힐링, 우아, 밤, 위로",술안주/야식,[AI 증강]
여행 필수품,공통,컵라면,"햇반, 김치","여행, 캠핑, 이동, 간편, 든든, 추억, 즐거움, 설렘",간편 식사,[AI 증강]
괴식 도전,GS25,바닐라 아이스크림,"불닭 소스, 김","도전, 괴식, 궁금증, 호기심, 유튜브, 매운맛, 단짠, 실험",간식,[AI 증강]
숙취 해소,세븐일레븐,헛개차,"해장 라면, 숙취해소제","숙취, 괴로움, 해장, 갈증, 속쓰림, 회복, 아침, 후회",간편 식사,[AI 증강]
피크닉 간식,CU,샌드위치,"과일 주스, 요거트","피크닉, 봄, 소풍, 햇살, 여유, 상큼, 행복, 자연",간편 식사,[AI 증강]
나만의 디저트,공통,미니 케이크,"커피, 초콜릿","기념일, 축하, 달콤, 행복, 나를 위한 선물, 특별, 휴식",간식,[AI 증강]
든든한 점심,GS25,도시락,"국, 김치","점심, 회사, 학교, 든든, 에너지, 오후, 활력, 만족",간편 식사,[AI 증강]
힐링 타임,세븐일레븐,따뜻한 차 (유자차),"쿠키, 책","휴식, 힐링, 여유, 따뜻, 평온, 독서, 위로, 생각",간식,[AI 증강]
출출한 밤,CU,라면 (봉지),"계란, 김치","야식, 밤, 배고픔, 간단, 만족, 행복, 잠들기 전, 유혹",라면/분식 조합,[AI 증강]
달콤한 간식,공통,초코파이,"우유, 커피","간식, 달콤, 행복, 추억, 어린 시절, 가족, 사랑",간식,[AI 증강]
화끈한 술안주,GS25,닭발,"맥주, 계란찜","술, 안주, 매운맛, 스트레스, 친구, 밤, 화끈, 즐거움",술안주/야식,[AI 증강]
운동 후 단백질 충전,세븐일레븐,닭가슴살,"프로틴 음료, 바나나","운동, 건강, 단백질, 근육, 회복, 활력, 상쾌, 자기관리",간편 식사,[AI 증강]
든든한 간식,CU,핫도그,"케찹, 머스타드","간식, 든든, 간단, 출출, 행복, 길거리 음식, 추억, 맛있음",간식,[AI 증강]
비오는 날 파전 괴식,공통,컵라면,"파전, 김치","비오는 날, 괴식, 파전, 국물, 느끼함, 새로운 도전",라면/분식 조합,[AI 증강]
"늦은 밤, 간단 야식",GS25,토스트,"우유, 커피","늦은 밤, 야식, 토스트, 간단, 잠 안 올 때, 출출함",간편 식사,[AI 증강]
매콤달콤 환상 조합,세븐일레븐,떡볶이,"쿨피스, 김말이","매콤달콤, 떡볶이, 스트레스 해소, 친구와 함께, 분식",라면/분식 조합,[AI 증강]
상큼한 하루 시작,CU,과일,"요거트, 시리얼","상큼, 아침, 과일, 건강, 활기찬, 다이어트",간편 식사,[AI 증강]
입안 가득 행복,공통,아이스크림,"과자, 초콜릿","달콤, 아이스크림, 행복, 더운 날, 간식, 어린 시절 추억",간식,[AI 증강]
따뜻한 위로,GS25,핫초코,"마시멜로우, 쿠키","따뜻, 위로, 힘든 날, 핫초코, 달콤, 겨울",간식,[AI 증강]
"여름밤, 시원한 맥주",세븐일레븐,맥주,"나초, 살사 소스","여름밤, 맥주, 시원, 친구와 함께, 야식, 더위 피하기",술안주/야식,[AI 증강]
여행의 동반자,CU,김밥,"라면, 물","여행, 김밥, 간편, 든든, 이동 중, 추억",간편 식사,[AI 증강]
혼자만의 파티,공통,미니 케이크,"샴페인, 촛불","혼자, 파티, 특별한 날, 축하, 샴페인, 행복",간식,[AI 증강]
매운맛 도전,GS25,불닭볶음면,"우유, 삼각김밥","매운맛, 도전, 스트레스 해소, 불닭볶음면, 땀",라면/분식 조합,[AI 증강]
심플한 아침 식사,세븐일레븐,샌드위치,"주스, 요거트","아침, 샌드위치, 간단, 건강, 바쁜 아침",간편 식사,[AI 증강]
달콤한 에너지 충전,CU,초콜릿,"에너지 드링크, 견과류","에너지, 초콜릿, 집중력, 시험 기간, 당 충전",간식,[AI 증강]
친구와 함께,공통,치킨,"맥주, 콜라","친구, 치킨, 파티, 즐거움, 웃음, 행복",술안주/야식,[AI 증강]
집에서 즐기는 영화관,GS25,팝콘,"탄산 음료, 나초","영화, 팝콘, 집, 주말, 여유, 행복",간식,[AI 증강]
비 오는 날의 추억,세븐일레븐,컵라면,"김치, 삼각김밥","비, 컵라면, 따뜻, 추억, 낭만, 센치함",라면/분식 조합,[AI 증강]
여행의 맛,CU,도시락,"물, 과자","여행, 도시락, 간편, 든든, 맛있는, 즐거운",간편 식사,[AI 증강]
혼자만의 시간,공통,맥주,"육포, 견과류","혼자, 맥주, 휴식, 여유, 조용한, 행복",술안주/야식,[AI 증강]
공복에 붕어빵,GS25,붕어빵,우유,"간식, 붕어빵, 달콤, 공복, 기분전환",간식,[AI 증강]
스트레스 해소엔 매운 족발,세븐일레븐,매운 족발,"쿨피스, 맥주","스트레스, 매운맛, 족발, 야식, 친구",술안주/야식,[AI 증강]
든든한 아침식사,CU,샌드위치,커피,"아침, 든든, 간편, 샌드위치, 커피",간편 식사,[AI 증강]
월급날 Flex 세트,공통,수입맥주 (4캔),"프리미엄 육포, 나쵸/살사 소스","월급날, 자축, 스트레스 해소, 넷플릭스, 혼술, 퇴근 후 행복, 소소한 사치",술안주/야식,[AI 증강]
비 오는 날 감성 세트,GS25,오뎅국물 (컵),"김치전, 막걸리","비 오는 날, 파전, 막걸리, 센치, 빗소리, 따뜻함, 낭만, 빈대떡",술안주/야식,[AI 증강]
야근 극복 세트,세븐일레븐,에너지 드링크,"매운 닭꼬치, 아메리카노","야근, 졸음, 피로, 정신 번쩍, 매운맛, 카페인, 밤샘, 업무 스트레스",간식/음료,[AI 증강]
시험 기간 벼락치기 세트,CU,커피 (대용량),"초콜릿, 견과류","시험, 벼락치기, 밤샘, 집중력, 당 충전, 불안, 초조, 카페인",간식/음료,[AI 증강]
캠핑 파이어 세트,공통,마시멜로우,"숯불구이 맛 스낵, 맥주","캠핑, 불멍, 달콤함, 바베큐, 밤, 별, 친구, 추억",간식/술안주,[AI 증강]
혼밥 만찬 세트,GS25,도시락 (고기 반찬),"계란찜 (전자레인지용), 김치","혼밥, 자취생, 든든함, 가성비, 영양, 귀찮음, 간단, 한 끼",식사,[AI 증강]
숙취 해소 끝판왕 세트,세븐일레븐,헛개차,"해장 라면, 아이스크림","숙취, 괴로움, 아침, 속 쓰림, 시원함, 달콤함, 매운맛, 울렁거림",음료/라면,[AI 증강]
미세먼지 청정 세트,CU,생수 (2L),"배 도라지 차, 비타민","미세먼지, 목 아픔, 건강, 상쾌함, 촉촉함, 기관지, 답답함, 깨끗함",건강/음료,[AI 증강]
영화관 부럽지 않은 세트,공통,팝콘,"콜라, 오징어","영화, 주말, 넷플릭스, 집, 편안함, 심심함, 간식, 뒹굴뒹굴",간식,[AI 증강]
입 터짐 방지 세트,GS25,견과류 바,"탄산수, 삶은 계란","다이어트, 식단 관리, 배고픔, 건강, 가벼움, 죄책감 Down, 운동",건강/간식,[AI 증강]
극강의 단짠 세트,세븐일레븐,허니버터칩,"솔티드 캐러멜 아이스크림, 아메리카노","단짠, 스트레스, 중독, 행복, 힐링, 꿀조합, 멈출 수 없어",간식,[AI 증강]
매운맛 챌린지 세트,CU,마라탕면 (컵),"쿨피스, 삼각김밥 (참치마요)","매운맛, 도전, 땀, 스트레스 해소, 얼얼함, 쾌감, 쿨다운, 중독",라면/분식,[AI 증강]
피크닉 감성 충전 세트,공통,유부초밥,"탄산음료, 과일","소풍, 나들이, 봄, 햇살, 돗자리, 설렘, 사진, 추억",식사,[AI 증강]
나만의 작은 사치 세트,GS25,조각 케이크,"프리미엄 커피, 마카롱","기분 전환, 달콤함, 힐링, 스트레스 해소, 혼자만의 시간, 위로, 행복",디저트,[AI 증강]
입맛 없을 때 꿀떡 세트,세븐일레븐,새콤달콤 비빔면,"만두, 계란","입맛 없음, 더위, 새콤, 매콤, 간단, 점심, 활력, 잃어버린 입맛",라면/분식,[AI 증강]
등산 후 꿀맛 세트,CU,막걸리,"두부김치, 파전","등산, 하산, 갈증 해소, 시원함, 꿀맛, 휴식, 성취감, 자연",술안주,[AI 증강]
겨울밤 따뜻한 세트,공통,호빵,"따뜻한 우유, 귤","겨울, 추위, 따뜻함, 포근함, 달콤함, 행복, 집, 저녁",간식,[AI 증강]
출출한 새벽 괴식 세트,GS25,불닭볶음면,"바나나 우유, 삼각김밥 (전주비빔)","야식, 괴식, 매운맛, 달콤함, 탄수화물, 잠 안 옴, 호기심, 새벽",라면/분식,[AI 증강]
영화관 데이트 세트,세븐일레븐,팝콘 (카라멜),"콜라, 나쵸","영화, 데이트, 달콤함, 짭짤함, 즐거움, 두근거림, 설렘",간식,[AI 증강]
여름밤 힐링 세트,CU,수박,"맥주, 모기향","여름, 더위, 시원함, 휴식, 밤, 평화로움, 별, 힐링",과일/술안주,[AI 증강]
간단 아침 식사 세트,공통,토스트,"우유, 바나나","아침, 바쁨, 간단함, 든든함, 건강, 활기, 상쾌함",식사,[AI 증강]
점심시간 활력 충전 세트,GS25,닭가슴살 도시락,"아메리카노, 샐러드","점심, 건강, 다이어트, 활력, 가벼움, 상쾌함, 오후 업무",식사,[AI 증강]
혼술 안주 끝판왕 세트,세븐일레븐,닭꼬치,"맥주, 쥐포","혼술, 안주, 스트레스 해소, 야식, 편안함, 혼자만의 시간",술안주,[AI 증강]
공부하다 지칠 때 당 충전 세트,CU,초콜릿,"에너지 드링크, 사탕","공부, 시험, 스트레스, 당 충전, 집중력, 피로, 졸음",간식,[AI 증강]
우울한 날 위로 세트,공통,아이스크림,"초코 과자, 따뜻한 우유","우울, 슬픔, 위로, 달콤함, 행복, 힐링, 기분 전환",간식,[AI 증강]
늦은 밤 출출함 달래기 세트,GS25,컵라면,"김밥, 삼각김밥","야식, 출출함, 간단함, 든든함, 만족, 잠 안 옴",라면/분식,[AI 증강]
매콤달콤 떡볶이 세트,세븐일레븐,떡볶이 (즉석),"튀김, 쿨피스","매콤, 달콤, 분식, 친구, 수다, 즐거움, 스트레스 해소",분식,[AI 증강]
비오는 날 파전 막걸리 세트,CU,부침개,"막걸리, 김치","비, 센치, 낭만, 따뜻함, 편안함, 집, 빗소리",술안주,[AI 증강]
여행 떠나기 전 설렘 세트,공통,여행용 간식,"물, 충전기","여행, 설렘, 기대, 즐거움, 준비, 설레임",간식/필수품,[AI 증강]
눈 오는 날 포근함 세트,GS25,핫초코,"군고구마, 귤","눈, 겨울, 따뜻함, 달콤함, 포근함, 행복, 집",간식,[AI 증강]
심심할 때 시간 순삭 세트,세븐일레븐,과자,"탄산음료, 게임 카드","심심함, 무료함, 즐거움, 시간 때우기, 게임, 간식",간식/취미,[AI 증강]
기분 전환 젤리 세트,CU,젤리,"탄산수, 비타민","기분 전환, 상큼함, 달콤함, 즐거움, 활력, 스트레스 해소",간식,[AI 증강]
따뜻한 위로가 필요할 때 세트,공통,컵스프,"빵, 따뜻한 차","힘듦, 위로, 따뜻함, 포근함, 안정, 휴식, 힐링",간식,[AI 증강]
칼로리 폭탄 스트레스 해소 세트,GS25,초코케이크,"탄산음료, 감자칩","스트레스, 폭식, 달콤함, 짭짤함, 자극, 쾌감, 죄책감, 후회",간식,[AI 증강]
운동 후 단백질 충전 세트,세븐일레븐,닭가슴살,"프로틴 음료, 견과류","운동, 건강, 단백질, 근육, 활력, 상쾌함, 다이어트",건강,[AI 증강]
매운맛 덕후 도전 세트,CU,핵불닭볶음면,"우유, 아이스크림","매운맛, 도전, 고통, 쾌감, 중독, 스트레스 해소, 땀",라면,[AI 증강]
혼자 떠나는 즉흥 여행 세트,공통,김밥,"생수, 선글라스","여행, 자유, 설렘, 즉흥, 혼자, 새로운 경험, 즐거움",식사/필수품,[AI 증강]
따뜻한 아랫목 귤 세트,GS25,귤,"고구마, 식혜","겨울, 따뜻함, 아늑함, 달콤함, 휴식, 평화로움, 옛날 생각",간식,[AI 증강]
잠 안 올 때 양 세기 세트,세븐일레븐,따뜻한 우유,"꿀, 라벤더 티","불면, 잠, 안정, 휴식, 편안함, 긴장 완화, 졸림",음료,[AI 증강]
더위 싹 날리는 세트,CU,아이스 아메리카노,"수박바, 얼음","더위, 갈증, 시원함, 상쾌함, 에너지, 활력",음료/간식,[AI 증강]
입안 가득 행복 세트,공통,마카롱,"커피, 초콜릿","달콤함, 행복, 기분 전환, 즐거움, 힐링, 스트레스 해소",간식,[AI 증강]
혼자만의 힐링타임 세트,GS25,와인 (미니),"치즈, 크래커","혼술, 힐링, 휴식, 분위기, 퇴근 후, 조용한 밤, 영화 감상",술안주,[AI 증강]
매콤한 유혹 세트,세븐일레븐,닭강정 (매운맛),"쿨피스, 단무지","매운맛, 스트레스 해소, 야식, 맥주 안주, 입가심",술안주/야식,[AI 증강]
달콤한 휴식 세트,CU,모찌롤,"아메리카노, 견과류","달콤함, 휴식, 오후의 여유, 커피와 함께, 디저트 타임",디저트,[AI 증강]
에너지 풀충전 세트,공통,핫식스,"초콜릿바, 비타민","에너지, 활력, 졸음 방지, 밤샘, 공부, 업무, 피로 해소",음료/간식,[AI 증강]
혼자 먹는 고급 만찬 세트,GS25,스테이크 도시락,"탄산수, 피클","혼밥, 고급, 특별한 날, 기분 전환, 나를 위한 선물",식사,[AI 증강]
비오는 날 따뜻한 국물 세트,세븐일레븐,어묵탕,"김치, 라면사리","비, 따뜻함, 국물, 야식, 술안주, 센치, 편안함",술안주/야식,[AI 증강]
"캠핑의 밤, 낭만 세트",CU,바베큐맛 스낵,"맥주, 불꽃놀이","캠핑, 밤, 낭만, 불멍, 별, 친구, 추억, 즐거움",간식/술안주,[AI 증강]
퇴근 후 맥주 한잔 세트,공통,수입맥주,"나쵸, 살사소스","퇴근, 휴식, 스트레스 해소, 혼술, 시원함, 자유",술안주,[AI 증강]
야근 퇴치 세트,GS25,에너지 드링크 (핫식스),"매운맛 스낵 (신당동 떡볶이 과자), 아메리카노","야근, 졸릴 때, 집중력 향상, 정신 번쩍, 밤샘, 회사, 피곤, 극복",간식/음료,[AI 증강]
혼술 달래줌 세트,세븐일레븐,수입 맥주 (4캔),"나쵸, 살사 소스, 육포","혼술, 쓸쓸한 밤, 위로, 영화 감상, 주말, 퇴근 후, 맥주, 안주",술안주/야식,[AI 증강]
비 오는 날 라면 세트,공통,라면 (신라면),"김치, 삼각김밥 (참치마요), 계란","비 오는 날, 따뜻함, 국물, 집콕, 넷플릭스, 촉촉한 날씨, 뜨끈",라면/분식 조합,[AI 증강]
월급날 FLEX 세트,CU,프리미엄 도시락 (고기),"탄산 음료, 아이스크림 (하겐다즈), 고급 과자","월급날, 풍족, 행복, 자축, 보상, 스트레스 해소, 맛있는 음식",식사/디저트,[AI 증강]
캠핑 파이어 세트,GS25,마시멜로우,"숯불구이 맛 스낵, 초콜릿, 나무젓가락","캠핑, 불멍, 달콤, 추억, 밤, 친구, 가족, 여행",간식/디저트,[AI 증강]
늦잠 탈출 세트,세븐일레븐,커피 (에스프레소),"초콜릿바, 견과류, 물","늦잠, 지각, 정신 차려, 카페인, 에너지, 학교, 회사, 빠른 아침",간식/음료,[AI 증강]
고백 성공 기원 세트,공통,페레로 로쉐,"향수 (미니), 손편지 용지, 따뜻한 음료","고백, 설렘, 긴장, 성공, 응원, 두근거림, 사랑, 행운",선물/기념일,[AI 증강]
눈 오는 날 낭만 세트,CU,호빵 (단팥),"따뜻한 우유, 핫팩, 귤","눈, 겨울, 따뜻함, 낭만, 포근함, 감성, 집 앞, 데이트",간식/음료,[AI 증강]
시험 D-DAY 세트,GS25,에너지바,"이온 음료, 사탕, 볼펜","시험, 긴장, 집중, 합격 기원, 응원, 마지막 스퍼트, 뇌 활성화",간식/학용품,[AI 증강]
숙취 해소 끝판왕 세트,세븐일레븐,헛개수,"해장 라면, 아이스크림 (스크류바), 스포츠 음료","숙취, 괴로움, 해장, 속 쓰림, 갈증, 술, 다음 날, 회복",음료/라면,[AI 증강]
미세먼지 OUT 세트,공통,생수 (2L),"배즙, 마스크, 비타민","미세먼지, 목 건강, 답답함, 건강, 청량, 기관지, 보호",건강/생활,[AI 증강]
솔로 크리스마스 세트,CU,케이크 (미니),"와인 (미니), 영화 DVD, 담요","크리스마스, 혼자, 아늑함, 위로, 감성, 영화 감상, 특별한 날",음식/선물,[AI 증강]
우울한 날 극복 세트,GS25,초콜릿 (가나),"바나나 우유, 젤리, 힐링 음악 앱 이용권","우울, 기분 전환, 달콤함, 위로, 행복, 에너지 충전, 극복",간식/음료,[AI 증강]
여행 출발 전 세트,세븐일레븐,멀미약,"껌, 물티슈, 충전기","여행, 설렘, 준비, 안전, 편안함, 이동, 즐거움, 필수템",여행/필수품,[AI 증강]
피크닉 도시락 세트,공통,유부초밥,"과일, 주스, 물","피크닉, 봄, 나들이, 햇살, 즐거움, 도시락, 자연, 여유",음식/나들이,[AI 증강]
심야 영화 관람 세트,CU,팝콘,"콜라, 오징어, 담요","심야 영화, 어두움, 긴장, 즐거움, 간식, 편안함, 집중",간식/영화,[AI 증강]
감기 초기 격퇴 세트,GS25,쌍화탕,"꿀물, 비타민C, 따뜻한 물","감기, 몸살, 건강, 따뜻함, 회복, 초기, 면역력, 이겨내자",건강/음료,[AI 증강]
스트레스 해소 꿀조합,세븐일레븐,매운 닭꼬치,"쿨피스, 아이스크림, 탄산수","스트레스, 매운맛, 시원함, 달콤함, 자극, 해소, 불쾌지수",간식/음료,[AI 증강]
혼자 떠나는 즉흥 여행 세트,공통,선글라스,"보조 배터리, 지도, 물","즉흥 여행, 자유, 설렘, 혼자, 새로운 경험, 모험, 힐링",여행/필수품,[AI 증강]
입맛 없을 때 세트,CU,요거트,"시리얼, 꿀, 과일","입맛 없음, 상큼함, 건강, 가벼움, 아침, 활력, 식욕",간식/식사,[AI 증강]
퇴근 후 힐링 세트,GS25,족욕제,"따뜻한 차, 안대, 아로마 오일","퇴근 후, 힐링, 휴식, 피로, 편안함, 안정, 하루 마무리",생활/휴식,[AI 증강]
공부하다 지칠 때 세트,세븐일레븐,믹스커피,"사탕, 초콜릿, 견과류","공부, 졸림, 집중력 저하, 당 충전, 간식, 에너지, 극복",간식/음료,[AI 증강]
매운맛 도전 세트,공통,핵불닭볶음면,"우유, 치즈, 단무지","매운맛, 도전, 극강, 스트레스 해소, 얼얼함, 중독, 화끈",라면/분식,[AI 증강]
혼자 떠나는 겨울 바다 세트,CU,핫팩,"따뜻한 커피, 장갑, 목도리","겨울 바다, 혼자, 고독, 추위, 낭만, 사색, 감성",여행/방한용품,[AI 증강]
심야 게임 필수 세트,GS25,에너지 드링크,"나쵸, 콜라, 눈 보호 안경","게임, 밤샘, 집중, 승리, 짜릿함, 간식, 졸음 방지",간식/게임,[AI 증강]
장마철 꿉꿉함 날리는 세트,세븐일레븐,제습제,"섬유 향수, 빨래 건조 시트, 아이스 아메리카노","장마, 습함, 꿉꿉함, 불쾌지수, 상쾌함, 향기, 뽀송함",생활/장마,[AI 증강]
미팅 성공률 UP 세트,공통,가글,"사탕, 핸드크림, 립밤","미팅, 첫인상, 호감, 자신감, 에티켓, 깔끔함, 설렘",뷰티/생활,[AI 증강]
새벽 등산 도전 세트,CU,헤드랜턴,"물, 에너지바, 등산 양말","등산, 새벽, 도전, 성취감, 건강, 자연, 상쾌함",스포츠/여행,[AI 증강]
이사 후 첫 끼 세트,GS25,짜장라면,"단무지, 김치, 탄산음료","이사, 첫 끼, 허기, 간편함, 새로운 시작, 혼란, 배달",라면/분식,[AI 증강]
벌칙! 엽기 괴식 세트,세븐일레븐,바밤바,"불닭볶음면 스프, 김치, 식초","벌칙, 괴식, 엽기, 충격, 혼돈, 웃음, 극한",괴식/벌칙,[AI 증강]
화이트데이 고백 실패 위로 세트,공통,아이스크림 (벤앤제리스),"영화 티켓, 담요, 눈물 닦을 휴지","화이트데이, 실패, 위로, 슬픔, 극복, 영화, 힐링",위로/선물,[AI 증강]
벚꽃 구경 필수 세트,CU,돗자리,"김밥, 음료수, 셀카봉","벚꽃, 봄, 설렘, 피크닉, 사진, 데이트, 추억",나들이/필수품,[AI 증강]
여름밤 모기 퇴치 세트,GS25,모기향,"모기 스프레이, 버물리, 아이스 커피","여름, 모기, 밤, 가려움, 퇴치, 시원함, 불쾌감",생활/여름,[AI 증강]
"늦은 밤, 죄책감 자극 야식 세트",세븐일레븐,치즈불닭볶음면,"삼각김밥 (전주비빔), 콜라, 닭꼬치","야식, 죄책감, 후회, 맛있음, 멈출 수 없어, 살찌는 소리",야식/라면,[AI 증강]
월요병 극복 세트,공통,핫식스,"달달한 초콜릿, 비타민, 좋아하는 노래 스트리밍","월요병, 출근, 피곤, 무기력, 극복, 에너지, 긍정",음료/간식,[AI 증강]
장거리 운전 졸음 방지 세트,CU,졸음 방지 껌,"아메리카노, 물, 견과류","운전, 졸음, 장거리, 안전, 집중, 상쾌, 각성",운전/필수품,[AI 증강]
친구와 함께 즐거운 수다 세트,GS25,스낵 과자,"탄산 음료, 아이스크림, 젤리","친구, 수다, 즐거움, 웃음, 편안함, 간식, 추억",간식/음료,[AI 증강]
혼자만의 조용한 독서 세트,세븐일레븐,따뜻한 차,"쿠키, 책갈피, 무릎 담요","독서, 조용함, 평화, 휴식, 지식, 감성, 사색",음료/생활,[AI 증강]
뜻밖의 행운을 빌어주는 세트,공통,로또,"행운 부적, 네잎클로버, 소원 팔찌","행운, 기대, 설렘, 꿈, 희망, 기적, 긍정",재미/기원,[AI 증강]
이열치열! 더위 이기는 매운맛 세트,CU,불닭볶음면,"얼음 물, 쿨피스, 선풍기","여름, 더위, 매운맛, 이열치열, 도전, 극복, 시원함",라면/음료,[AI 증강]
운동 후 단백질 보충 세트,GS25,닭가슴살,"프로틴 음료, 견과류, 바나나","운동, 건강, 단백질, 근육, 활력, 몸매 관리, 상쾌함",건강/식사,[AI 증강]
갑작스런 생리통 완화 세트,세븐일레븐,핫팩,"진통제, 따뜻한 물, 초콜릿","생리통, 고통, 위로, 따뜻함, 안정, 편안함, 여성",건강/여성,[AI 증강]
심심한 주말 달래주는 세트,공통,보드 게임,"스낵, 음료수, 친구 초대권","주말, 심심함, 즐거움, 친구, 게임, 웃음, 추억",재미/간식,[AI 증강]
비오는 날 감성 충전 세트,CU,LP 플레이어 (미니),"따뜻한 커피, 초, 좋아하는 음악","비, 감성, 음악, 따뜻함, 위로, 아늑함, 추억",음악/생활,[AI 증강]
크리스마스 홈파티 세트,GS25,케이크,"와인, 풍선, 파티 용품","크리스마스, 파티, 즐거움, 행복, 친구, 가족, 추억",파티/음식,[AI 증강]
퇴사 기념 자축 세트,세븐일레븐,샴페인,"스테이크, 분위기 있는 조명, 퇴사 기념 뱃지","퇴사, 자유, 해방, 행복, 새로운 시작, 자축, 홀가분",자축/음식,[AI 증강]
출근길 힐링 세트,공통,이어폰,"좋아하는 음악 스트리밍, 따뜻한 커피, 긍정적인 문구","출근길, 힐링, 위로, 음악, 긍정, 활력, 하루 시작",음악/생활,[AI 증강]
월급날 FLEX 세트,공통,수입맥주 (4캔),"육포, 나쵸, 수입과자","월급날, 스트레스 해소, 탕진잼, 퇴근 후 만찬, 혼술, 행복, 풍족한 저녁",술안주/야식,[AI 증강]
비 오는 날 파전 세트,GS25,김치전 (냉장),"막걸리, 컵라면 (매운맛)","비 오는 날, 파전, 막걸리, 꿀꿀한 날씨, 집콕, 넷플릭스, 빗소리 ASMR, 늦잠",간편식사/안주,[AI 증강]
숙취 해소 끝판왕,세븐일레븐,해장라면 (컵),"헛개차, 숙취해소제, 스포츠 음료","숙취, 다음날, 괴로움, 술병, 아침, 점심, 속 쓰림, 땀",음료/라면,[AI 증강]
심야 영화관 데이트,CU,팝콘 (카라멜),"콜라, 오징어, 초콜릿","영화, 심야, 데이트, 주말, 달콤, 짭짤, 몰래 먹기, 속삭임",간식/스낵,[AI 증강]
자취생 초간단 저녁,공통,햇반,"참치캔, 김치, 계란","자취, 귀찮음, 간단, 저렴, 밥, 꿀맛, 후다닥, 배부름",간편식사,[AI 증강]
캠핑 필수템,GS25,숯불 바베큐맛 스낵,"마시멜로우, 맥주, 생수","캠핑, 불멍, 밤, 추억, 여행, 친구, 웃음, 별",스낵/음료,[AI 증강]
눈 오는 날의 낭만,세븐일레븐,호빵 (단팥),"따뜻한 우유, 귤, 핫팩","눈, 겨울, 따뜻함, 포근함, 달콤함, 추억, 첫눈, 낭만",간식/음료,[AI 증강]
게임 폐인 야식,CU,에너지 드링크,"매운 스낵, 닭꼬치, 핫바","게임, 밤샘, 졸림, 짜릿함, 매움, 중독, 승리, 집중",스낵/에너지,[AI 증강]
고시생 응원 세트,공통,견과류,"커피, 비타민, 초콜릿","시험, 공부, 집중력, 졸림, 불안, 응원, 합격, 노력",간식/음료,[AI 증강]
솔로 크리스마스 만찬,GS25,조각 케이크,"와인, 치킨, 과자","크리스마스, 혼자, 외로움, 달콤함, 위로, 영화, 행복, 자유",간식/술안주,[AI 증강]
최애 드라마 정주행,세븐일레븐,즉석 팝콘,"탄산음료, 감자칩, 젤리","주말, 드라마, 몰아보기, 여유, 행복, 눈물, 웃음, 감동",스낵/음료,[AI 증강]
피크닉 갬성,CU,미니 샌드위치,"탄산수, 과일, 예쁜 냅킨","피크닉, 공원, 햇살, 친구, 사진, 예쁨, 소풍, 행복",간편식사/음료,[AI 증강]
칼퇴 기념 혼술,공통,캔맥주,"쥐포, 땅콩, 프링글스","칼퇴, 자유, 행복, 시원함, 위로, 혼술, 드라마, 소소함",술안주,[AI 증강]
늦잠 후 브런치,GS25,모닝빵,"딸기잼, 크림치즈, 우유","주말, 늦잠, 여유, 브런치, 달콤, 상큼, 행복, 게으름",간편식사,[AI 증강]
매운맛 폭발 스트레스 해소,세븐일레븐,불닭볶음면,"쿨피스, 삼각김밥, 치즈","스트레스, 매움, 화남, 짜증, 해소, 땀, 콧물, 후련",라면/분식,[AI 증강]
출근길 에너지 충전,CU,샌드위치,"커피, 에너지바, 과일","출근, 아침, 졸림, 피곤, 에너지, 활력, 상쾌, 긍정",간편식사/음료,[AI 증강]
혼자 떠나는 즉흥 여행,공통,김밥,"물, 과자, 이어폰","여행, 자유, 설렘, 혼자, 즉흥, 휴식, 풍경, 힐링",간편식사,[AI 증강]
장마철 집콕 힐링,GS25,컵라면 (얼큰),"핫도그, 김치, 계란","장마, 비, 집콕, 따뜻함, 편안함, 영화, 게임, 힐링",라면/간편식사,[AI 증강]
스터디 카페 필수템,세븐일레븐,아메리카노,"사탕, 초콜릿, 껌","공부, 집중, 졸림, 당 충전, 시험, 합격, 스터디, 열공",음료/간식,[AI 증강]
새벽 감성 폭발,CU,아이스크림,"과자, 따뜻한 우유, 담요","새벽, 감성, 외로움, 위로, 달콤함, 추억, 노래, 센치",간식,[AI 증강]
혼밥 고수의 선택,공통,도시락,"탄산음료, 김치, 계란후라이","혼밥, 점심, 저녁, 간단, 빠름, 맛있음, 가성비, 만족",간편식사,[AI 증강]
등산 후 꿀맛 간식,GS25,에너지바,"물, 초콜릿, 견과류","등산, 운동, 건강, 상쾌, 피곤, 에너지, 꿀맛, 정상",간식/음료,[AI 증강]
불금 치팅데이,세븐일레븐,피자,"맥주, 콜라, 감자튀김","불금, 치팅데이, 행복, 스트레스 해소, 맛, 즐거움, 보상",간편식사/술안주,[AI 증강]
택배 기다리는 간식,CU,젤리,"탄산음료, 과자, 초콜릿","기다림, 설렘, 간식, 무료함, 기대, 행복, 달콤함, 즐거움",간식,[AI 증강]
나만의 비밀 아지트,공통,컵라면 (작은 컵),"삼각김밥, 음료수, 만화책","혼자, 조용함, 여유, 휴식, 행복, 비밀, 아지트, 나만의 시간",간편식사/취미,[AI 증강]
단짠단짠 무한루프,GS25,카라멜 팝콘,"소금맛 감자칩, 콜라, 초콜릿","단짠, 무한, 멈출 수 없음, 중독, 간식, 영화, 주말, 행복",스낵/음료,[AI 증강]
취업 성공 자축 파티,세븐일레븐,샴페인,"치즈, 크래커, 케이크","취업, 성공, 축하, 기쁨, 행복, 미래, 희망, 파티",술안주/축하,[AI 증강]
비행기 안 무료함 달래기,CU,육포,"젤리, 이어폰, 안대","여행, 비행기, 무료함, 지루함, 설렘, 기대, 휴식, 편안함",간식/여행,[AI 증강]
할머니 댁 방문,공통,찹쌀떡,"식혜, 사탕, 과일","할머니, 그리움, 따뜻함, 행복, 추억, 사랑, 가족, 편안함",간식/음료,[AI 증강]
아침 운동 후 상쾌함,GS25,단백질 음료,"바나나, 견과류, 물","운동, 건강, 상쾌함, 활력, 에너지, 아침, 긍정, 행복",음료/간식,[AI 증강]
새해 다짐 성공 기원,세븐일레븐,비타민,"견과류, 에너지바, 물","새해, 다짐, 성공, 건강, 활력, 긍정, 희망, 노력",건강/간식,[AI 증강]
버스 놓친 날의 분노,CU,매운 라면,"초코우유, 아이스크림, 핫팩","분노, 짜증, 지각, 추움, 위로, 달콤함, 매움, 후회",간편식사/위로,[AI 증강]
퇴근 후 힐링 마사지,공통,따뜻한 물,"족욕제, 안대, 이어폰","퇴근, 피로, 힐링, 편안함, 휴식, 따뜻함, 안정, 행복",생활/휴식,[AI 증강]
늦은 밤 허기 달래기,GS25,삼각김밥,"컵라면, 우유, 소시지","밤, 허기, 야식, 간단, 빠름, 든든, 맛있음, 만족",간편식사,[AI 증강]
친구 생일 축하,세븐일레븐,케이크,"샴페인, 초콜릿, 풍선","생일, 축하, 기쁨, 행복, 우정, 선물, 파티, 추억",축하/간식,[AI 증강]
나만의 작은 사치,CU,수입 과자,"커피, 초콜릿, 젤리","사치, 행복, 즐거움, 간식, 달콤함, 위로, 선물, 만족",간식,[AI 증강]
더위 이기는 간식,공통,아이스크림,"탄산음료, 수박, 얼음컵","더위, 시원함, 상쾌함, 달콤함, 행복, 여름, 휴식, 에너지",간식/음료,[AI 증강]
추억의 불량식품,GS25,아폴로,"쫀드기, 꾀돌이, 콜라","추억, 어릴 적, 향수, 즐거움, 달콤함, 친구, 웃음, 행복",간식,[AI 증강]
기말고사 D-DAY,세븐일레븐,에너지 드링크,"초콜릿, 견과류, 커피","기말고사, 시험, 집중, 불안, 초조, 합격, 노력, 간절",에너지/간식,[AI 증강]
혼자 떠나는 바다 여행,CU,새우깡,"맥주, 선글라스, 돗자리","바다, 여행, 혼자, 자유, 낭만, 갈매기, 파도, 행복",스낵/여행,[AI 증강]
화이트데이 고백 성공,공통,사탕,"초콜릿, 꽃, 편지","화이트데이, 사랑, 고백, 성공, 기쁨, 행복, 설렘, 두근거림",선물/사랑,[AI 증강]
퇴근길 급만남,GS25,맥주,"닭꼬치, 쥐포, 과자","퇴근, 친구, 만남, 즐거움, 수다, 스트레스 해소, 웃음, 행복",술안주/만남,[AI 증강]
봄맞이 벚꽃놀이,세븐일레븐,도시락,"벚꽃맛 음료, 돗자리, 카메라","봄, 벚꽃, 나들이, 설렘, 아름다움, 행복, 추억, 사진",간편식사/계절,[AI 증강]
갑작스러운 소나기,CU,우산,"따뜻한 커피, 초콜릿, 담요","비, 당황, 추위, 따뜻함, 위로, 안정, 편안함, 감사",생활/위로,[AI 증강]
오늘따라 힘든 날,공통,초콜릿,"따뜻한 우유, 과자, 이어폰","힘듦, 위로, 달콤함, 휴식, 편안함, 안정, 토닥토닥, 긍정",간식/위로,[AI 증강]
다이어트 포기 기념,GS25,햄버거,"콜라, 감자튀김, 아이스크림","다이어트, 포기, 자유, 행복, 죄책감, 맛, 즐거움, 꿀맛",간편식사/일탈,[AI 증강]
이열치열 극복,세븐일레븐,매운 컵라면,"이온음료, 얼음컵, 부채","더위, 이열치열, 땀, 매움, 시원함, 극복, 도전, 쾌감",간편식사/도전,[AI 증강]
추석 귀향길,CU,오징어,"맥주, 땅콩, 이어폰","추석, 고향, 설렘, 가족, 행복, 그리움, 휴식, 귀성길",간식/휴식,[AI 증강]
뜻밖의 용돈 득템,공통,아이스크림,"과자, 초콜릿, 친구","용돈, 득템, 기쁨, 행복, 나눔, 즐거움, 감사, 운",간식/나눔,[AI 증강]
혼술 뱅쇼 세트,GS25,레드 와인 (미니),"오렌지 주스, 시나몬 스틱, 사과","혼술, 겨울밤, 따뜻함, 감기 기운, 분위기 있는 밤, 유럽 감성, 홈파티, 나만의 힐링",술안주/야식,[AI 증강]
매운 크림 파스타,CU,까르보 불닭볶음면 (컵),"모짜렐라 치즈, 우유 (200ml)","매운맛, 느끼함, 스트레스 해소, 야식, 얼큰함, 퓨전 음식, 혼밥, 자취생",라면/분식 조합,[AI 증강]
달콤 살벌 디저트,세븐일레븐,마라탕면 (컵),"초코 아이스크림, 슈팅스타 팝핑캔디","단짠맵, 괴식, 호불호, 스트레스 해소, 묘한 중독성, 실험 정신, 기분 전환, 도전",디저트,[AI 증강]
비 오는 날 부침개,공통,부침가루,"김치, 참치캔, 계란, 식용유","비 오는 날, 집콕, 혼술, 따뜻함, 아늑함, 막걸리, 빗소리, 추억",술안주/야식,[AI 증강]
월급날 스테이크,CU,함박 스테이크 (냉동),"즉석밥, 슬라이스 치즈, 스파게티 소스","월급날, 자축, 혼밥, 든든함, 가성비, 행복, 뿌듯함, 간단 요리",간편식사,[AI 증강]
캠핑 파이어 세트,GS25,마시멜로우,"숯불 닭꼬치, 에너지바, 커피","캠핑, 불멍, 밤, 추억, 친구, 여행, 자연, 여유",간식,[AI 증강]
숙취 해소 끝판왕,세븐일레븐,헛개차,"매운 라면, 아이스크림 (스크류바)","숙취, 해장, 괴로움, 속 쓰림, 시원함, 매운맛, 달콤함, 응급처치",음료/간식,[AI 증강]
고급진 브런치,공통,크루아상,"아메리카노, 딸기잼, 크림치즈","주말, 여유, 브런치, 홈카페, 힐링, 나만의 시간, 분위기, 햇살",간편식사,[AI 증강]
피땀눈물 야근 세트,CU,에너지 드링크,"견과류, 초콜릿, 아메리카노","야근, 피곤, 졸림, 집중력, 당 충전, 버티기, 힘내자, 퇴근 소취",간식,[AI 증강]
시험 D-DAY,GS25,핫식스,"초콜릿바, 젤리, 커피","시험, 불안, 초조, 집중, 긴장, 벼락치기, 밤샘, 합격 기원",간식,[AI 증강]
나만의 영화관,세븐일레븐,팝콘,"나쵸, 콜라, 오징어","혼영, 주말, 집콕, 심야 영화, 편안함, 아늑함, 넷플릭스, 꿀 조합",간식,[AI 증강]
화끈한 불금,공통,닭발 (무뼈),"맥주, 계란찜, 주먹밥","불금, 스트레스 해소, 매운맛, 술안주, 친구, 수다, 흥분, 즐거움",술안주/야식,[AI 증강]
상큼한 봄 소풍,CU,유부초밥,"탄산수, 과일 샐러드, 쿠키","소풍, 봄, 피크닉, 데이트, 상큼함, 설렘, 햇살, 돗자리",간편식사,[AI 증강]
추억의 분식 파티,GS25,떡볶이,"튀김, 순대, 쿨피스","친구, 수다, 옛날 이야기, 학창 시절, 웃음, 즐거움, 추억, 힐링",라면/분식 조합,[AI 증강]
럭셔리 혼밥,세븐일레븐,연어장 덮밥,"미소 된장국, 사케 (미니)","혼밥, 고급, 분위기, 조용한 식사, 나를 위한 선물, 힐링, 만족, 차분함",간편식사,[AI 증강]
스트레스 박살 세트,공통,불닭볶음면,"아이스크림, 탄산음료, 닭꼬치","분노, 짜증, 스트레스, 매운맛, 시원함, 달콤함, 자극, 해소",라면/분식 조합,[AI 증강]
눈 오는 날 어묵,CU,어묵,"떡볶이, 핫초코, 호빵","눈, 겨울, 따뜻함, 행복, 아늑함, 낭만, 추억, 설렘",라면/분식 조합,[AI 증강]
심플 이즈 베스트,GS25,삼각김밥,"컵라면, 물","간단, 빠름, 혼밥, 가성비, 바쁜 날, 시간 절약, 에너지 충전, 든든함",간편식사,[AI 증강]
이열치열 땀빼기,세븐일레븐,육개장 사발면,"이온 음료, 아이스 아메리카노","더위, 땀, 매운맛, 시원함, 갈증 해소, 에너지 충전, 기력 회복, 여름",라면/분식 조합,[AI 증강]
취업 성공 기원,공통,찹쌀떡,"커피, 비타민 음료","취업, 합격, 긴장, 간절함, 행운, 응원, 성공, 긍정",간식,[AI 증강]
인싸력 폭발,CU,뿌링클 팝콘,"콜라, 치즈볼","친구, 파티, 게임, 웃음, 즐거움, 흥미, SNS, 핫 아이템",간식,[AI 증강]
우울 극복 달콤함,GS25,초코 케이크,"바닐라 아이스크림, 따뜻한 우유","우울, 슬픔, 위로, 달콤함, 행복, 힐링, 안정, 기분 전환",디저트,[AI 증강]
개강 기념 짜장범벅,세븐일레븐,짜장 범벅,"단무지, 삶은 계란","개강, 학교, 친구, 짜장면, 간식, 추억, 즐거움, 활기",라면/분식 조합,[AI 증강]
여행 출발 설렘,공통,샌드위치,"커피, 물, 과자","여행, 설렘, 기대, 자유, 모험, 즐거움, 추억, 출발",간편식사,[AI 증강]
고소한 아침,CU,미숫가루,"인절미 스낵, 바나나","아침, 고소함, 건강, 든든함, 간편함, 활기, 시작, 에너지",음료/간식,[AI 증강]
황사 마스크 세트,GS25,마스크,"생수, 목캔디","황사, 미세먼지, 건강, 보호, 깨끗함, 상쾌함, 청결, 예방",생활용품,[AI 증강]
장마철 습기 제거,세븐일레븐,제습제,"섬유탈취제, 방향제","장마, 습기, 꿉꿉함, 불쾌함, 상쾌함, 청결, 쾌적함, 보송보송",생활용품,[AI 증강]
독서의 계절,공통,커피,"견과류, 초콜릿","독서, 가을, 차분함, 집중, 지식, 성장, 여유, 힐링",음료/간식,[AI 증강]
게임 폐인 필수템,CU,에너지 드링크,"눈 보호 안경, 간단한 스낵","게임, 밤샘, 집중, 피로, 흥미, 승리, 경쟁, 몰입",간식,[AI 증강]
솔로 탈출 기원,GS25,향수 (미니),"핸드크림, 립밤","솔로, 외로움, 설렘, 기대, 만남, 인연, 행운, 아름다움",뷰티,[AI 증강]
미세먼지 심한 날,세븐일레븐,생수,"마스크, 비타민C","미세먼지, 건강, 목 아픔, 답답함, 청량함, 보호, 깨끗함, 안심",생활,[AI 증강]
장거리 운전 졸음 방지,공통,졸음 방지 껌,"아메리카노, 에너지 드링크","운전, 졸음, 피로, 안전, 집중, 각성, 정신, 상쾌",음료/간식,[AI 증강]
월요병 극복,CU,달콤한 커피,"초콜릿, 젤리","월요병, 피곤, 우울, 달콤함, 활력, 기분 전환, 힘내자, 긍정",음료/간식,[AI 증강]
화이트데이 고백,GS25,사탕,"초콜릿, 꽃","화이트데이, 고백, 설렘, 두근거림, 사랑, 행복, 성공, 낭만",선물,[AI 증강]
새해 다짐 성공,세븐일레븐,견과류,"닭가슴살, 탄산수","새해, 다짐, 건강, 운동, 목표, 성공, 자기 관리, 의지",건강,[AI 증강]
크리스마스 분위기,공통,케이크,"와인, 캔들","크리스마스, 따뜻함, 행복, 사랑, 축제, 낭만, 가족, 친구",파티,[AI 증강]
수능 대박 기원,CU,엿,"찹쌀떡, 초콜릿","수능, 합격, 긴장, 응원, 행운, 성공, 지혜, 간절함",선물,[AI 증강]
불면증 퇴치,GS25,따뜻한 우유,"캐모마일 티, 수면 안대","불면증, 잠, 편안함, 안정, 힐링, 밤, 휴식, 숙면",건강,[AI 증강]
혼자 보내는 생일,세븐일레븐,미니 케이크,"와인, 초","생일, 축하, 외로움, 행복, 나를 위한 선물, 힐링, 감사, 특별함",파티,[AI 증강]
여름밤 모기 퇴치,공통,모기향,"모기 스프레이, 버물리","여름, 모기, 가려움, 불쾌함, 보호, 안심, 쾌적, 편안",생활,[AI 증강]
가을 감성 충전,CU,고구마 맛탕,"따뜻한 차, 책","가을, 감성, 분위기, 여유, 힐링, 독서, 따뜻함, 풍요",간식,[AI 증강]
입맛 없을 때,GS25,김치 볶음밥,"계란 후라이, 김","입맛 없음, 간단, 매콤함, 든든함, 식욕, 활력, 에너지, 자극",간편식사,[AI 증강]
시험 망삘,세븐일레븐,아이스크림,"초콜릿, 과자","좌절, 절망, 슬픔, 위로, 달콤함, 행복, 힐링, 기분 전환",간식,[AI 증강]
퇴근 후 맥주,공통,맥주,"나쵸, 닭꼬치","퇴근, 자유, 행복, 편안함, 스트레스 해소, 꿀맛, 여유, 휴식",술안주/야식,[AI 증강]
연인과 다툼 후 화해,CU,하트 모양 초콜릿,"꽃, 편지","화해, 용서, 사랑, 미안함, 감동, 행복, 관계 회복, 애정",선물,[AI 증강]
새 차 구매 기념,GS25,방향제,"음료, 간식","새 차, 기쁨, 설렘, 여행, 자유, 안전 운전, 쾌적함, 행복",생활,[AI 증강]
월급날Flex세트,공통,수입맥주 (4캔),"프리미엄 육포, 나쵸/살사","월급날, 스트레스 해소, 퇴근 후, 혼술, 영화 감상, 주말, 나를 위한 선물, 고생했어",술안주/야식,[AI 증강]
비오는 날 로맨스,GS25,오뎅,"막걸리, 김치전","비오는 날, 파전, 막걸리, 빗소리, 낭만, 데이트, 집콕, 촉촉한 날",술안주/야식,[AI 증강]
야근 극복 팩,세븐일레븐,핫식스,"에너지바, 견과류","야근, 졸림, 집중력 향상, 밤샘, 피곤, 회사, 업무, 카페인 충전",간식/에너지,[AI 증강]
캠핑 파이어 세트,공통,마시멜로우,"숯불구이맛 과자, 초콜릿","캠핑, 불멍, 달콤함, 가족, 친구, 여행, 밤, 추억, 바베큐",간식/디저트,[AI 증강]
시험 D-Day 응원,CU,찹쌀떡,"초콜릿, 따뜻한 우유","시험, 합격 기원, 응원, 격려, 긴장, 초조, 선물, 행운, 긍정",간식/에너지,[AI 증강]
혼자 보는 영화관,공통,팝콘,"콜라, 버터 오징어","혼영, 주말, 집콕, 영화 감상, 스낵, 간식, 여유, 힐링, 넷플릭스",간식/디저트,[AI 증강]
눈 오는 날의 낭만,GS25,호빵,"군고구마, 따뜻한 두유","눈, 겨울, 따뜻함, 간식, 낭만, 데이트, 추억, 첫눈, 설렘",간식/디저트,[AI 증강]
매운맛 도전 챌린지,세븐일레븐,마라탕면,"쿨피스, 삼각김밥","매운맛, 도전, 스트레스 해소, 땀, 중독, 얼얼함, 유튜브, 챌린지",라면/분식 조합,[AI 증강]
여행 출발 전 설렘,CU,소시지,"탄산음료, 감자칩","여행, 설렘, 기차, 버스, 간식, 휴게소, 친구, 가족, 추억 만들기",간식/에너지,[AI 증강]
피크닉 필수템,공통,유부초밥,"과일, 주스","피크닉, 봄, 나들이, 도시락, 소풍, 햇살, 공원, 돗자리, 힐링",간편 식사,[AI 증강]
숙취 해소 어벤져스,GS25,헛개차,"해장라면, 계란","숙취, 다음날, 괴로움, 해장, 속쓰림, 진정, 출근, 회식, 다시 시작",간편 식사,[AI 증강]
심야 데이트 로맨틱 콤보,세븐일레븐,와인,"치즈, 크래커","심야, 데이트, 로맨틱, 분위기, 밤, 사랑, 와인, 속삭임, 별",술안주/야식,[AI 증강]
퇴근 후 맥주 한 잔,CU,맥주 (캔),"닭꼬치, 땅콩","퇴근, 맥주, 혼술, 위로, 하루, 마무리, 시원함, 편안함, 드라마",술안주/야식,[AI 증강]
고독한 미식가,공통,도시락,"미소장국, 김치","혼밥, 점심, 저녁, 식사, 맛, 음미, 여유, 고독, 미식",간편 식사,[AI 증강]
달콤한 휴식 시간,GS25,아이스크림,"커피, 쿠키","휴식, 달콤함, 당 충전, 오후, 에너지, 기분 전환, 행복, 충전, 재시작",간식/디저트,[AI 증강]
혼자 떠나는 바다,세븐일레븐,새우깡,"콜라, 오징어","바다, 혼자, 여행, 자유, 갈매기, 파도, 추억, 힐링, 석양",간식/에너지,[AI 증강]
비오는 날의 따뜻함,CU,컵라면,"삼각김밥, 단무지","비, 따뜻함, 컵라면, 국물, 촉촉함, 집, 휴식, 영화, 편안함",라면/분식 조합,[AI 증강]
수학능력평가 만점 기원,공통,엿,"초콜릿, 따뜻한 차","수능, 시험, 합격, 응원, 격려, 긴장, 선물, 행운, 긍정",간식/에너지,[AI 증강]
게임 폐인 풀세트,GS25,에너지 드링크,"나쵸, 핫바","게임, 밤샘, 에너지, 집중력, 친구, 온라인, 승리, 즐거움, 폐인",간식/에너지,[AI 증강]
심야 드라이브 필수템,세븐일레븐,커피,"껌, 초콜릿","드라이브, 밤, 새벽, 음악, 친구, 자유, 추억, 여행, 별",간식/에너지,[AI 증강]
인싸템 도전,CU,젤리,"탄산수, 아이스 컵","인싸, 트렌드, 신상, 도전, 재미, 친구, 유튜브, 챌린지, 웃음",간식/디저트,[AI 증강]
이열치열 화끈한 맛,공통,불닭볶음면,"쿨피스, 참치마요 삼각김밥","스트레스 해소, 더위, 매운맛, 땀, 도전, 중독, 화끈함, 여름, 이열치열",라면/분식 조합,[AI 증강]
초간단 아침 식사,GS25,샌드위치,"우유, 바나나","아침, 출근, 간편, 건강, 에너지, 시간 절약, 든든함, 시작, 활기",간편 식사,[AI 증강]
나만의 작은 사치,세븐일레븐,조각 케이크,"아메리카노, 마카롱","사치, 행복, 위로, 선물, 기분 전환, 휴식, 달콤함, 오후, 나를 위한",간식/디저트,[AI 증강]
출출할 때 든든하게,CU,김밥,"컵라면, 계란","간식, 출출, 든든함, 점심, 저녁, 간단, 혼밥, 바쁜, 에너지",간편 식사,[AI 증강]
축구 응원 간식,공통,치킨,"맥주, 나쵸","축구, 응원, 밤, 친구, 열정, 승리, 간식, 즐거움, 함성",술안주/야식,[AI 증강]
장마철 꿉꿉함 날려버려,GS25,탄산음료,"매운 스낵, 아이스크림","장마, 습함, 불쾌지수, 탄산, 청량함, 매운맛, 스트레스 해소, 기분 전환, 시원함",간식/에너지,[AI 증강]
심플 이즈 베스트,세븐일레븐,삶은 계란,"소금, 물","다이어트, 건강, 운동, 단백질, 심플, 간편, 아침, 저녁, 클린",간편 식사,[AI 증강]
바쁜 아침 Quick & Easy,CU,에그 토스트,"주스, 요거트","바쁜 아침, 간편식, 퀵, 쉬움, 시간 절약, 든든함, 에너지, 활기찬 시작, 아침 식사",간편 식사,[AI 증강]
나른한 오후의 졸음 깨기,공통,아메리카노,"민트 초콜릿, 견과류","졸음, 나른함, 오후, 집중력 향상, 카페인, 상쾌함, 활력, 업무, 공부",간식/에너지,[AI 증강]
혼술의 정석,GS25,수입맥주,"모듬 튀김, 마른 안주","혼술, 퇴근 후, 주말, 영화, 드라마, 위로, 휴식, 편안함, 하루 마무리",술안주/야식,[AI 증강]
입 터짐 방지 세트,세븐일레븐,제로 칼로리 음료,"곤약젤리, 닭가슴살","다이어트, 식단 관리, 입 터짐 방지, 건강, 간식, 운동, 유지어터, 저칼로리",간편 식사,[AI 증강]
스트레스 박살 내기,CU,매운 라면,"아이스크림, 탄산수","스트레스, 화, 분노, 해소, 매운맛, 땀, 시원함, 달콤함, 기분 전환",라면/분식 조합,[AI 증강]
할머니 댁 간식,공통,고구마 말랭이,"식혜, 약과","할머니, 그리움, 추억, 간식, 따뜻함, 정, 고향, 옛날, 편안함",간식/디저트,[AI 증강]
공부하다 지칠 때,GS25,비타민 음료,"젤리, 초콜릿","공부, 시험, 집중력, 피로, 졸림, 에너지, 상큼함, 달콤함, 활력",간식/에너지,[AI 증강]
나홀로 등산,세븐일레븐,물,"에너지바, 초코파이","등산, 혼자, 자연, 건강, 운동, 상쾌함, 정상, 땀, 성취감",간식/에너지,[AI 증강]
우울한 날 위로,CU,초콜릿 케이크,"따뜻한 우유, 마시멜로우","우울, 슬픔, 위로, 달콤함, 따뜻함, 휴식, 눈물, 토닥토닥, 괜찮아",간식/디저트,[AI 증강]
기차 여행 낭만,공통,삶은 달걀,"사이다, 오징어","기차, 여행, 낭만, 추억, 창밖, 풍경, 설렘, 간식, 여유",간식/에너지,[AI 증강]
자취생 간단 저녁,GS25,참치마요 덮밥,"김치, 미역국","자취, 저녁, 간단, 혼밥, 든든함, 가성비, 빠름, 요리, 귀찮음",간편 식사,[AI 증강]
퇴근길 소소한 행복,세븐일레븐,캔맥주,"쥐포, 프레첼","퇴근길, 행복, 소소, 위로, 혼술, 휴식, 드라마, 하루 마무리, 편안함",술안주/야식,[AI 증강]
혼자만의 영화관,CU,팝콘,"콜라, 핫도그","혼영, 주말, 집, 영화, 간식, 여유, 힐링, 넷플릭스, 행복",간식/디저트,[AI 증강]
늦은 밤 야식,공통,라면,"김치, 삼각김밥","야식, 밤, 배고픔, 유혹, 죄책감, 맛있음, 후회, 꿀맛, 잠 안 옴",라면/분식 조합,[AI 증강]
시험 기간 친구 응원,GS25,초콜릿,"에너지 드링크, 찹쌀떡","시험, 친구, 응원, 격려, 힘내, 합격, 행운, 간식, 우정",간식/에너지,[AI 증강]
상큼한 봄 피크닉,세븐일레븐,과일 샌드위치,"탄산수, 꽃","봄, 피크닉, 데이트, 상큼함, 햇살, 행복, 힐링, 사진, 인스타 감성",간편 식사,[AI 증강]
입맛 없을 때,CU,비빔면,"군만두, 참기름","입맛 없음, 더위, 상큼함, 매콤함, 자극, 간단, 후루룩, 식욕, 여름",라면/분식 조합,[AI 증강]
비오는 날 따뜻한 추억,공통,어묵,"떡볶이, 따뜻한 정종","비, 추억, 따뜻함, 낭만, 운치, 센치, 휴식, 센티멘탈, 그리움",라면/분식 조합,[AI 증강]
출근 전 활력 충전,GS25,핫브레이크,"커피, 견과류바","아침, 출근, 피로, 활력, 에너지, 힘, 카페인, 당충전, 긍정",간식/에너지,[AI 증강]
지친 하루 끝 위로,세븐일레븐,수면 양말,"핫팩, 허브티","피곤, 위로, 휴식, 따뜻함, 포근함, 힐링, 릴렉스, 꿀잠, 수고했어",기타,[AI 증강]
크리스마스 홈파티,CU,케이크,"와인, 샴페인","크리스마스, 홈파티, 연말, 파티, 행복, 선물, 로맨틱, 설렘, 즐거움",술안주/야식,[AI 증강]
새해 다짐 응원,공통,다이어리,"펜, 비타민","새해, 다짐, 계획, 목표, 응원, 건강, 성공, 긍정, 화이팅",기타,[AI 증강]
월급날 FLEX 세트,공통,수입 맥주 (4캔),"프리미엄 육포, 나쵸/살사 소스","월급날, 자축, 스트레스 해소, 혼술, 영화 감상, 퇴근 후 행복, 넷플릭스, 소소한 사치",술안주/야식,[AI 증강]
시험기간 밤샘 세트,GS25,에너지 드링크,"커피 (대용량), 견과류, 초콜릿","시험기간, 밤샘 공부, 집중력 향상, 잠 깨기, 카페인 충전, 벼락치기, 피로 회복, 당 충전",간식/음료 조합,[AI 증강]
비 오는 날 파전 세트,CU,부침가루/튀김가루,"막걸리, 김치, 계란","비 오는 날, 집콕, 파전, 막걸리, 넷플릭스, 우울함 달래기, 빗소리, 힐링",간편조리,[AI 증강]
혼자 떠나는 캠핑 세트,세븐일레븐,즉석밥,"참치캔, 김치, 라면 (소컵)","혼자 캠핑, 미니멀 캠핑, 간단한 식사, 자연, 힐링, 고독, 별 보기, 조용한 밤",간편식사,[AI 증강]
매운맛 폭발 세트,공통,불닭볶음면 (큰컵),"캡사이신 소스, 매운 치즈, 쿨피스","스트레스 해소, 극한의 매운맛, 도전, 땀, 화끈함, 입술 얼얼, 정신 번쩍, 매운맛 마니아",라면/분식 조합,[AI 증강]
달콤한 휴식 세트,GS25,아이스크림 (벤앤제리스),"따뜻한 아메리카노, 쿠키, 담요","휴식, 달콤함, 주말, 힐링, 여유, 나만의 시간, 소파, 따뜻함, 행복",디저트/간식 조합,[AI 증강]
야근 필수템 세트,CU,핫식스,"육개장 사발면, 삼각김밥, 박카스","야근, 피로, 졸림, 배고픔, 에너지 충전, 회사, 사무실, 늦은 밤, 퇴근 희망",간편식사,[AI 증강]
기분 전환 상큼 세트,세븐일레븐,탄산수 (레몬),"비타민C, 젤리, 껌","기분 전환, 상쾌함, 졸음 방지, 활력, 리프레시, 긍정, 미세먼지, 깨끗함",음료/간식 조합,[AI 증강]
영화관 나들이 세트,공통,팝콘 (카라멜),"콜라, 오징어, 초콜릿","영화관, 데이트, 주말, 간식, 달콤함, 짭짤함, 즐거움, 설렘, 기대",간식/음료 조합,[AI 증강]
숙취 해소 세트,GS25,헛개차,"해장라면, 스포츠 음료, 계란","숙취, 해장, 속 쓰림, 두통, 갈증, 괴로움, 술, 다음날, 후회",음료/간편식사,[AI 증강]
고독한 미식가 세트,CU,도시락 (고기 반찬),"미소 된장국, 김치, 물","혼밥, 점심, 저녁, 간단한 식사, 고독, 맛, 정갈함, 든든함, 만족",간편식사,[AI 증강]
다이어트 챌린지 세트,세븐일레븐,닭가슴살,"샐러드, 견과류, 제로 칼로리 음료","다이어트, 건강, 운동, 식단 관리, 체중 감량, 자기 관리, 샐러드, 가벼움, 상쾌함",건강/다이어트,[AI 증강]
퇴근길 맥주 한잔 세트,공통,캔맥주 (4캔),"마른 안주 (오징어, 쥐포), 땅콩","퇴근, 혼술, 하루 마무리, 스트레스 해소, 편안함, 집, TV 시청, 소소한 행복",술안주/야식,[AI 증강]
크리스마스 홈파티 세트,GS25,케이크 (조각),"와인, 치즈, 과자","크리스마스, 홈파티, 연말, 가족, 친구, 따뜻함, 행복, 선물, 분위기",간식/술안주,[AI 증강]
눈 오는 날 따뜻함 세트,CU,호빵,"핫초코, 군고구마, 귤","눈, 겨울, 따뜻함, 달콤함, 행복, 집, 창밖, 낭만, 포근함",간식/음료 조합,[AI 증강]
출근길 에너지 충전 세트,세븐일레븐,샌드위치,"커피, 바나나, 요거트","출근, 아침, 에너지, 활력, 상쾌함, 직장인, 바쁨, 지하철, 긍정",간편식사,[AI 증강]
화가 난 날 힐링 세트,공통,매운 떡볶이,"아이스크림, 초콜릿, 우유","분노, 스트레스, 매운맛, 달콤함, 위로, 힐링, 진정, 안정, 평화",분식/디저트,[AI 증강]
생일 축하 간소화 세트,GS25,미니 케이크,"샴페인 맛 탄산, 초, 성냥","생일, 축하, 간소함, 소소함, 행복, 자축, 기쁨, 감사, 특별함",디저트/음료,[AI 증강]
늦은 밤 라면 땡기는 세트,CU,신라면,"김치, 계란, 삼각김밥","야식, 늦은 밤, 배고픔, 유혹, 라면, 죄책감, 맛있음, 든든함, 후회",라면/간편식사,[AI 증강]
미세먼지 OUT 세트,세븐일레븐,생수,"비타민 음료, 마스크, 목캔디","미세먼지, 건강, 청결, 보호, 상쾌함, 기관지, 답답함, 깨끗함, 예방",건강/음료,[AI 증강]
게임 폐인 풀코스 세트,공통,에너지 드링크 (몬스터),"감자칩, 즉석 핫도그, 콜라","게임, 밤샘, 집중, 몰입, 승리, 짜릿함, 긴장, 재미, 중독",간식/음료,[AI 증강]
장마철 우울 극복 세트,GS25,달콤한 빵,"따뜻한 우유, 초콜릿, 좋아하는 영화 DVD","장마, 우울, 집콕, 달콤함, 위로, 휴식, 영화, 따뜻함, 위안",간식/음료,[AI 증강]
여행 출발 전 설렘 세트,CU,여행용 간식 (오징어땅콩),"껌, 생수, 충전기","여행, 설렘, 기대, 준비, 공항, 기차, 버스, 즐거움, 두근거림",간식/여행용품,[AI 증강]
면접 합격 기원 세트,세븐일레븐,찹쌀떡,"따뜻한 차, 초콜릿, 행운의 부적 (스티커)","면접, 합격, 긴장, 떨림, 행운, 기원, 응원, 자신감, 성공",간식/응원,[AI 증강]
고백 성공 기원 세트,공통,페레로 로쉐,"편지, 꽃 (작은 화분), 향수 (미니어처)","고백, 사랑, 설렘, 긴장, 성공, 용기, 두근거림, 핑크빛, 행운",선물/응원,[AI 증강]
이열치열 땀빼는 세트,GS25,열라면,"얼음물, 김밥, 단무지","더위, 땀, 매운맛, 이열치열, 극복, 시원함, 더위사냥, 에너지",라면/간편식사,[AI 증강]
퇴사 기념 해방 세트,CU,샴페인,"나쵸, 치즈, 올리브","퇴사, 해방, 자유, 행복, 시작, 설렘, 축하, 새로운 시작, 홀가분함",술안주/야식,[AI 증강]
갑작스런 손님맞이 세트,세븐일레븐,즉석 팝콘,"탄산음료, 과자, 컵라면","손님, 당황, 급함, 간편, 환대, 웃음, 수다, 즐거움, 편안함",간식/음료,[AI 증강]
스트레스 폭발 괴식 세트,공통,불닭볶음면,"초코 아이스크림, 김치, 커피","스트레스, 분노, 괴식, 도전, 혼돈, 파괴, 자포자기, 묘한쾌감, 후회",라면/괴식,[AI 증강]
심야 영화 감성 세트,GS25,버터 오징어,"맥주, 핫도그, 콜라","심야, 영화, 감성, 혼자, 조용함, 집중, 몰입, 여유, 힐링",술안주/간식,[AI 증강]
늦잠 잔 날 아점 세트,CU,참치마요 삼각김밥,"바나나 우유, 삶은 계란, 요거트","늦잠, 아점, 간단, 배고픔, 허겁지겁, 후다닥, 바쁨, 그래도맛있다, 든든",간편식사,[AI 증강]
친구와 함께 보드게임 세트,세븐일레븐,나쵸,"탄산 음료, 젤리, 초콜릿","친구, 보드게임, 웃음, 즐거움, 경쟁, 흥미진진, 간식, 행복, 추억",간식/음료,[AI 증강]
혼자 떠나는 기차 여행 세트,공통,소시지,"삶은 계란, 사이다, 육포","기차, 여행, 혼자, 창밖, 풍경, 낭만, 자유, 고독, 설렘",간식/여행,[AI 증강]
입맛 없을 때 콤비 세트,GS25,비빔면,"삼각김밥 (참치마요), 쿨피스, 김치","입맛 없음, 더위, 매콤, 새콤, 달콤, 간단, 후루룩, 리프레시, 든든",라면/간편식사,[AI 증강]
등산 후 꿀맛 세트,CU,막걸리,"두부김치, 삶은 계란, 오이","등산, 땀, 갈증, 시원함, 막걸리, 꿀맛, 정상, 풍경, 성취감",술안주/야식,[AI 증강]
뜻밖의 행운 로또 세트,세븐일레븐,로또,"볼펜, 새우깡, 탄산음료","행운, 기대, 설렘, 희망, 대박, 간절함, 떨림, 두근거림, 꿈",기타,[AI 증강]
갑자기 삘받은 노래방 세트,공통,목캔디,"물, 초콜릿, 에너지바","노래방, 흥, 열창, 목 관리, 에너지 충전, 스트레스 해소, 신남, 친구, 추억",기타,[AI 증강]
과제 폭탄 SOS 세트,GS25,커피 (대용량),"초콜릿, 견과류, 에너지 드링크","과제, 밤샘, 스트레스, 집중력, 카페인, 당 충전, 피로, 괴로움, 포기",간식/음료,[AI 증강]
혼자 보는 공포 영화 세트,CU,팝콘,"콜라, 담요, 초콜릿","공포, 영화, 긴장, 떨림, 혼자, 어둠, 두려움, 스릴, 소름",간식,[AI 증강]
상사 뒷담화 스트레스 해소 세트,세븐일레븐,매운 새우깡,"탄산수, 젤리, 커피","스트레스, 뒷담화, 회사, 상사, 분노, 매운맛, 해소, 공감, 위로",간식/음료,[AI 증강]
택배 기다리는 초조함 세트,공통,프링글스,"탄산 음료, 젤리, 껌","택배, 기다림, 초조, 불안, 기대, 설렘, 시간, 확인, 배송",간식,[AI 증강]
연인과 다툰 후 화해 세트,GS25,하트 모양 초콜릿,"꽃다발, 따뜻한 커피, 편지","싸움, 화해, 사랑, 미안함, 용서, 애정, 달콤함, 행복, 관계 회복",선물/음료,[AI 증강]
새벽 감성 폭발 세트,CU,별사탕,"따뜻한 우유, 이어폰, 감성적인 책","새벽, 감성, 고독, 생각, 추억, 밤하늘, 힐링, 위로, 조용함",간식/기타,[AI 증강]
소나기 피하기 세트,세븐일레븐,우산,"따뜻한 음료, 수건, 핫팩","소나기, 비, 당황, 추위, 따뜻함, 안전, 대비, 기다림, 잠시 멈춤",기타,[AI 증강]
엘리베이터 갇힘 공포 세트,공통,물,"사탕, 휴대폰 보조 배터리, 손수건","엘리베이터, 갇힘, 공포, 불안, 초조, 기다림, 구조, 안전, 침착함",기타,[AI 증강]
지갑 잃어버린 날 좌절 세트,GS25,가장 싼 빵,"물, 씁쓸한 커피, 슬픔","지갑 분실, 좌절, 슬픔, 절망, 허탈, 씁쓸함, 배고픔, 외로움, 눈물",간편식사,[AI 증강]
소화 불량 더부룩 세트,CU,탄산수,"소화제, 매실음료, 죽","소화불량, 더부룩, 불편함, 답답함, 소화, 안정, 건강, 회복, 편안함",건강/음료,[AI 증강]
아무것도 하기 싫은 날 무기력 세트,세븐일레븐,젤리,"따뜻한 우유, 담요, 좋아하는 음악","무기력, 우울, 아무것도 하기 싫음, 위로, 휴식, 편안함, 달콤함, 힐링, 늘어짐",간식/기타,[AI 증강]
세상이 무너지는 멘붕 세트,공통,아무거나 보이는 것,되는대로 집히는 것들,"멘붕, 혼돈, 절망, 슬픔, 분노, 좌절, 허탈, 자포자기, 망연자실",괴식/기타,[AI 증강]
악마의 유혹 세트,GS25,마라볶음면,"매운 치즈, 악마빙수","스트레스 폭발, 매운맛 극한 도전, 단짠 조화, 야식, 잠 안 올 때, 칼로리 폭탄, 다이어트 포기",라면/분식 조합,[AI 증강]
혼술 감성 폭발 세트,세븐일레븐,모듬 튀김,"수입 맥주 (4캔), 나무젓가락, 넷플릭스","혼술, 퇴근 후, 드라마 정주행, 주말, 위로, 고독, 맥주 친구, 영화 감상",술안주/야식,[AI 증강]
숙취 해소 끝판왕,CU,해장 라면 (신라면 블랙),"헛개수, 계란 (반숙), 김치","숙취, 다음날 아침, 속 쓰림, 얼큰함, 국물, 땀, 괴로움, 회식 다음 날",라면/분식 조합,[AI 증강]
공부하다 지칠 때 당충전,공통,에너지 드링크,"초콜릿, 견과류, 커피","시험 기간, 밤샘 공부, 졸음, 집중력 향상, 카페인, 각성, 뇌 활성화, 당 떨어질 때",간식/음료 조합,[AI 증강]
캠핑 파이어 세트,GS25,숯불 닭꼬치,"마시멜로우, 맥주, 장작","캠핑, 불멍, 밤, 추억, 친구, 여행, 바베큐, 자연",술안주/야식,[AI 증강]
월급날 FLEX 세트,세븐일레븐,프리미엄 아이스크림 (벤앤제리스),"수제 맥주, 고급 안주, 영화 티켓","월급날, 행복, 보상, 스트레스 해소, 사치, 맛있는 음식, 힐링, 나를 위한 선물",간식/음료 조합,[AI 증강]
비 오는 날의 낭만,CU,해물파전,"막걸리, 김치전, 우산","비, 낭만, 운치, 파전, 막걸리, 센치함, 집, 창밖, 빗소리",술안주/야식,[AI 증강]
환상의 단짠 괴식,공통,짜장라면,"딸기잼, 스트링 치즈, 전자레인지","궁금증 유발, 괴식, 호기심, 실험 정신, 도전, 엽기, 예상 불가, 의외의 조합",라면/분식 조합,[AI 증강]
다이어트 망했어요,GS25,로제 떡볶이,"치즈볼, 핫도그, 콜라","유혹, 폭식, 죄책감, 행복, 멈출 수 없어, 맛있으면 0칼로리, 다이어트는 내일부터, 식욕 폭발",라면/분식 조합,[AI 증강]
크리스마스 홈파티,세븐일레븐,미니 케이크,"와인, 치즈, 샴페인","크리스마스, 연말, 파티, 친구, 가족, 행복, 따뜻함, 분위기, 캐롤",술안주/야식,[AI 증강]
혼자 떠나는 겨울 여행,CU,컵라면 (사리곰탕),"따뜻한 우유, 김밥, 핫팩","겨울, 여행, 혼자, 고독, 힐링, 추위, 따뜻함, 감성, 기차",라면/분식 조합,[AI 증강]
퇴근 후 맥주 한 잔,공통,육포,"맥주, 견과류, 김","퇴근, 지침, 휴식, 맥주, 위로, 소소한 행복, 혼술, 하루 마무리",술안주/야식,[AI 증강]
달콤 살벌한 조합,GS25,불닭볶음면,"아이스크림 (바닐라), 삼각김밥, 쿨피스","매운맛 중화, 단짠, 스트레스 해소, 야식, 도전, 엽기, 땀, 맛있게 매운",라면/분식 조합,[AI 증강]
피크닉 도시락,세븐일레븐,유부초밥,"탄산수, 과일, 돗자리","피크닉, 봄, 나들이, 햇살, 공원, 데이트, 소풍, 행복",간식/음료 조합,[AI 증강]
비오는 날의 라면 데이트,CU,라면 (진라면 매운맛),"김치, 계란, 우산","비, 따뜻함, 라면, 데이트, 낭만, 집, 창밖, 빗소리",라면/분식 조합,[AI 증강]
출근길 에너지 충전,공통,샌드위치,"커피, 바나나, 물","출근, 아침, 피곤, 에너지, 활력, 바쁨, 간단, 건강",간식/음료 조합,[AI 증강]
밤샘 작업 동반자,GS25,커피 (대용량),"에너지바, 초콜릿, 물","밤샘, 야근, 과제, 피곤, 졸림, 집중, 카페인, 각성",간식/음료 조합,[AI 증강]
영화관 부럽지 않은 혼영 세트,세븐일레븐,팝콘,"콜라, 나쵸, 핫도그","혼영, 주말, 영화, 간식, 편안함, 집, 넷플릭스, 힐링",간식/음료 조합,[AI 증강]
눈 오는 날의 따뜻함,CU,호빵,"따뜻한 우유, 귤, 핫팩","눈, 겨울, 따뜻함, 행복, 추억, 집, 창밖, 감성",간식/음료 조합,[AI 증강]
매운맛 도전,공통,핵불닭볶음면,"쿨피스, 우유, 단무지","매운맛, 도전, 스트레스 해소, 땀, 엽기, 극한, 극복, 성취감",라면/분식 조합,[AI 증강]
나만의 작은 사치,GS25,수입 과자,"탄산수, 치즈, 와인","사치, 행복, 힐링, 스트레스 해소, 맛, 특별, 만족, 나를 위한 선물",간식/음료 조합,[AI 증강]
혼자만의 디저트 파티,세븐일레븐,조각 케이크,"아메리카노, 마카롱, 초콜릿","혼자, 디저트, 행복, 위로, 달콤, 여유, 휴식, 힐링",간식/음료 조합,[AI 증강]
아침을 깨우는 상큼함,CU,과일 주스,"요거트, 빵, 견과류","아침, 상큼, 활력, 에너지, 건강, 깨움, 가벼움, 시작",간식/음료 조합,[AI 증강]
우울한 날의 달콤함,공통,초콜릿 아이스크림,"따뜻한 우유, 쿠키, 사탕","우울, 위로, 달콤, 행복, 눈물, 마음, 토닥토닥, 극복",간식/음료 조합,[AI 증강]
매콤달콤 환상 조합,GS25,떡볶이,"쿨피스, 김말이, 튀김","매콤, 달콤, 스트레스 해소, 야식, 분식, 친구, 수다, 즐거움",라면/분식 조합,[AI 증강]
고급진 혼술 타임,세븐일레븐,수제 맥주,"치즈, 올리브, 크래커","혼술, 고급, 분위기, 여유, 휴식, 힐링, 나를 위한 선물, 만족",술안주/야식,[AI 증강]
가볍게 즐기는 건강 간식,CU,샐러드,"닭가슴살, 견과류, 드레싱","건강, 다이어트, 가벼움, 상큼, 활력, 유지, 관리, 예쁨",간식/음료 조합,[AI 증강]
여행의 시작과 끝,공통,삼각김밥,"생수, 커피, 과자","여행, 설렘, 시작, 끝, 간편, 이동, 추억, 행복",간식/음료 조합,[AI 증강]
나른한 오후의 달콤함,GS25,커피,"도넛, 케이크, 마카롱","오후, 나른, 달콤, 행복, 휴식, 여유, 힐링, 충전",간식/음료 조합,[AI 증강]
시험 끝난 해방감,세븐일레븐,아이스크림,"탄산음료, 과자, 친구","시험, 해방, 자유, 행복, 스트레스 해소, 즐거움, 보상, 끝",간식/음료 조합,[AI 증강]
비오는 날 힐링,CU,컵라면,"김치, 계란, 핫초코","비, 따뜻, 힐링, 혼자, 감성, 창밖, 여유, 빗소리",라면/분식 조합,[AI 증강]
불금의 시작,공통,맥주,"나쵸, 치즈스틱, 팝콘","불금, 신남, 친구, 파티, 맥주, 에너지, 자유, 주말",술안주/야식,[AI 증강]
뜻밖의 조화,GS25,바닐라 아이스크림,"불닭 소스, 김, 견과류","괴식, 신기, 궁금, 도전, 묘함, 단짠, 의외, 신세계",간식/음료 조합,[AI 증강]
우울한 날의 위로,세븐일레븐,초코케이크,"핫초코, 마시멜로우, 따뜻한 우유","우울, 슬픔, 눈물, 위로, 달콤함, 기대, 토닥, 괜찮아",간식/음료 조합,[AI 증강]
바쁜 아침 간단 충전,CU,에너지바,"탄산수, 견과류, 바나나","출근, 바쁨, 아침, 에너지, 건강, 활력, 간단, 채움",간식/음료 조합,[AI 증강]
나만의 작은 영화관,공통,팝콘,"콜라, 오징어, 나쵸","혼자, 영화, 집, 편안, 행복, 힐링, 여유, 주말",간식/음료 조합,[AI 증강]
시험기간 꿀조합,GS25,커피,"초콜릿, 에너지바, 견과류","시험, 밤샘, 졸림, 집중, 간절, 노력, 합격, 불안",간식/음료 조합,[AI 증강]
혼자만의 럭셔리,세븐일레븐,와인,"치즈, 올리브, 크래커","혼자, 고급, 분위기, 힐링, 만족, 사치, 여유, 선물",술안주/야식,[AI 증강]
늦은 밤 야식의 유혹,CU,라면,"김치, 계란, 삼각김밥","밤, 야식, 죄책, 행복, 유혹, 포기, 후회, 만족",라면/분식 조합,[AI 증강]
기분전환 달콤함,공통,아이스크림,"젤리, 사탕, 초콜릿","기분, 변화, 행복, 달콤, 전환, 위로, 즐거움, 힐링",간식/음료 조합,[AI 증강]
혼자 즐기는 파티,GS25,맥주,"감자칩, 팝콘, 치킨","혼자, 파티, 자유, 맥주, 즐거움, 휴식, 주말, 행복",술안주/야식,[AI 증강]
퇴근 후 힐링,세븐일레븐,수제맥주,"육포, 치즈, 견과류","퇴근, 힐링, 여유, 휴식, 위로, 행복, 만족, 보상",술안주/야식,[AI 증강]
여행 필수품,CU,삼각김밥,"물, 과자, 커피","여행, 설렘, 간편, 이동, 추억, 행복, 자유, 즐거움",간식/음료 조합,[AI 증강]
간단하고 든든한 한 끼,공통,도시락,"김치, 국, 계란","바쁨, 간편, 든든, 만족, 에너지, 건강, 채움, 행복",간식/음료 조합,[AI 증강]
색다른 라면의 변신,GS25,라면,"참치, 마요네즈, 치즈","라면, 변신, 실험, 재미, 궁금, 호기심, 의외, 맛있음",라면/분식 조합,[AI 증강]
캠핑의 밤,세븐일레븐,바베큐,"맥주, 소세지, 마시멜로우","캠핑, 밤, 불멍, 친구, 자연, 행복, 추억, 즐거움",술안주/야식,[AI 증강]
나만의 작은 카페,CU,커피,"케이크, 마카롱, 쿠키","혼자, 카페, 여유, 휴식, 힐링, 행복, 만족, 달콤",간식/음료 조합,[AI 증강]
월급날 FLEX 세트,GS25,수입맥주 (4캔),"육포, 나쵸, 수입 과자","월급날, 스트레스 해소, 퇴근 후, 혼술, 영화 감상, 맛있는 안주, 나를 위한 선물",술안주/야식,[AI 증강]
비 오는 날 파전 세트,CU,부침가루,"막걸리, 김치, 계란","비 오는 날, 집에서, 파전, 막걸리, 꿀조합, 따뜻함, 여유, 힐링",간편조리,[AI 증강]
야근 극복 세트,세븐일레븐,에너지 드링크,"핫식스, 커피, 초콜릿, 견과류","야근, 졸음, 집중력 향상, 밤샘, 피곤, 당 충전, 정신력 강화, 고카페인",음료/간식,[AI 증강]
시험기간 벼락치기 세트,공통,아메리카노 (대용량),"젤리, 초콜릿바, 견과류, 물","시험기간, 벼락치기, 밤샘 공부, 집중력, 졸음 방지, 당 충전, 스트레스 해소, 카페인",음료/간식,[AI 증강]
캠핑 파이어 세트,공통,마시멜로우,"숯, 석쇠, 소시지, 고구마","캠핑, 불멍, 바베큐, 밤, 추억, 달콤함, 따뜻함, 친구들과, 가족과",간편조리,[AI 증강]
우울 극복 달콤 세트,CU,아이스크림 (벤앤제리스),"초콜릿, 마카롱, 달고나, 캐릭터 상품","우울, 기분 전환, 달콤함, 행복, 위로, 나를 위한 선물, 스트레스 해소, 귀여움",간식,[AI 증강]
혼밥 업그레이드 세트,GS25,도시락,"계란찜, 컵라면, 김치, 탄산음료","혼밥, 든든함, 가성비, 맛, 퀄리티, 간편함, 바쁜 날, 자취생",즉석식품,[AI 증강]
매운맛 챌린지 세트,세븐일레븐,불닭볶음면 (핵불닭),"쿨피스, 삼각김밥, 치즈, 단무지","매운맛, 도전, 스트레스 해소, 극한, 땀, 화끈함, 맛있게 매운, 중독",라면/분식 조합,[AI 증강]
눈 오는 날 낭만 세트,공통,핫초코,"호빵, 군고구마, 붕어빵, 따뜻한 우유","눈 오는 날, 따뜻함, 낭만, 겨울, 감성, 행복, 포근함, 추억",음료/간식,[AI 증강]
게임 폐인 풀세트,CU,에너지 드링크,"과자, 컵라면, 즉석밥, 닭강정","게임, 밤샘, 폐인, 집중, 에너지, 허기, 멈출 수 없어, 승리",간식/식사,[AI 증강]
출근길 에너지 충전 세트,GS25,샌드위치,"커피, 바나나, 에너지바, 견과류","출근길, 아침, 에너지, 활력, 건강, 간편함, 바쁜 아침, 상쾌함",간편식,[AI 증강]
영화관 따라잡기 세트,세븐일레븐,팝콘,"콜라, 나쵸, 오징어, 핫도그","영화, 집, 혼영, 넷플릭스, 주말, 편안함, 맛있는 간식, 꿀조합",간식,[AI 증강]
등산 후 꿀맛 세트,공통,막걸리,"두부김치, 파전, 도토리묵, 오이","등산, 운동, 땀, 갈증, 시원함, 휴식, 자연, 건강",술안주,[AI 증강]
늦은 밤 치팅데이 세트,CU,피자,"치킨, 햄버거, 콜라, 감자튀김","치팅데이, 야식, 칼로리 폭탄, 행복, 스트레스 해소, 죄책감, 맛있으면 0칼로리",즉석식품,[AI 증강]
혼술족 위한 가성비 세트,GS25,캔맥주 (4개),"쥐포, 땅콩, 김, 소시지","혼술, 퇴근 후, 저렴, 가성비, 간단, 편안함, TV 시청, 위로",술안주,[AI 증강]
숙취 해소 3종 세트,세븐일레븐,헛개차,"해장라면, 스포츠 음료, 계란","숙취, 괴로움, 해장, 속 쓰림, 갈증, 회복, 어제 기억 삭제, 제발",음료/식품,[AI 증강]
바다 보면서 힐링 세트,공통,새우깡,"탄산음료, 오징어 땅콩, 돗자리, 블루투스 스피커","바다, 여행, 힐링, 여유, 파도 소리, 행복, 추억, 사진",간식,[AI 증강]
매콤달콤 환상 조합,CU,떡볶이,"튀김, 순대, 쿨피스, 김말이","분식, 매콤, 달콤, 중독, 환상, 꿀조합, 친구, 수다",분식,[AI 증강]
심야 영화 감상 세트,GS25,나쵸,"맥주, 핫도그, 팝콘, 콜라","심야 영화, 혼영, 집, 편안, 자유, 밤, 어둠, 즐거움",간식,[AI 증강]
피크닉 필수템 세트,세븐일레븐,김밥,"라면, 샌드위치, 과일, 주스","피크닉, 소풍, 봄, 햇살, 행복, 맛, 즐거움, 추억",간편식,[AI 증강]
최애 드라마 정주행 세트,공통,닭발,"맥주, 주먹밥, 계란찜, 김","드라마, 정주행, 밤샘, 매운맛, 스트레스 해소, 꿀잼, 시간 순삭",안주,[AI 증강]
프로 혼술러 세트,CU,와인,"치즈, 크래커, 올리브, 살라미","혼술, 분위기, 고급, 우아, 와인, 힐링, 나만의 시간, 특별함",안주,[AI 증강]
입맛 없을 때 리프레시 세트,GS25,비빔면,"삼겹살, 열무김치, 참기름, 계란","입맛 없음, 여름, 매콤, 상큼, 식욕 자극, 꿀맛, 간편",식사,[AI 증강]
퇴근 후 꿀잠 예약 세트,세븐일레븐,따뜻한 우유,"꿀, 바나나, 견과류, 허브티","퇴근, 피곤, 꿀잠, 숙면, 안정, 편안, 릴렉스, 행복",음료/간식,[AI 증강]
크리스마스 홈파티 세트,공통,케이크,"와인, 샴페인, 쿠키, 초콜릿","크리스마스, 파티, 홈파티, 행복, 사랑, 축제, 따뜻함, 가족",파티,[AI 증강]
환절기 감기 예방 세트,CU,유자차,"꿀, 생강, 레몬, 비타민","환절기, 감기, 예방, 건강, 따뜻함, 면역력, 비타민, 활력",음료,[AI 증강]
미세먼지 OUT 세트,GS25,생수,"배, 도라지, 레몬, 마스크","미세먼지, 건강, 청결, 기관지, 상쾌함, 보호, 깨끗함, 안심",건강,[AI 증강]
새해 다짐 응원 세트,세븐일레븐,견과류,"단백질바, 닭가슴살, 물, 비타민","새해, 다짐, 운동, 건강, 목표, 응원, 성공, 자기계발",건강,[AI 증강]
퇴사 기념 해방 세트,공통,샴페인,"케이크, 풍선, 폭죽, 꽃다발","퇴사, 해방, 자유, 행복, 새로운 시작, 축하, 즐거움, 홀가분",파티,[AI 증강]
솔로 탈출 기원 세트,CU,커플 링 모양 사탕,"초콜릿, 장미, 향수, 영화 티켓","솔로, 탈출, 연애, 설렘, 기대, 행운, 용기, 응원",행운,[AI 증강]
뜻밖의 행운 기원 세트,GS25,로또,"복권, 행운 부적, 네잎클로버, 돼지 저금통","행운, 기대, 설렘, 희망, 대박, 기적, 로또, 일확천금",행운,[AI 증강]
ASMR 힐링 세트,세븐일레븐,톡톡캔디,"바삭한 과자, 얼음, 탄산수, 젤리","ASMR, 힐링, 스트레스 해소, 편안함, 즐거움, 소리, 집중, 휴식",간식,[AI 증강]
개강/개학 맞이 친구 소환 세트,공통,스파게티,"피자, 콜라, 감자튀김, 샐러드","개강, 친구, 모임, 파티, 맛, 즐거움, 수다, 설렘",파티,[AI 증강]
취업 성공 기원 세트,CU,합격엿,"커피, 에너지 드링크, 초콜릿, 볼펜","취업, 성공, 응원, 합격, 간절, 노력, 행운, 기대",응원,[AI 증강]
집들이 필수템 세트,GS25,휴지,"세제, 쓰레기 봉투, 방향제, 수세미","집들이, 선물, 센스, 실용, 청결, 정리, 깨끗함, 축하",선물,[AI 증강]
여행 출발 전 설렘 충전 세트,세븐일레븐,여행용 세트,"선크림, 마스크, 상비약, 간식","여행, 설렘, 준비, 안전, 편안, 즐거움, 추억, 기대",여행,[AI 증강]
비오는날 감성충전 세트,공통,우산,"따뜻한 음료, 책, 담요, 이어폰","비, 감성, 촉촉, 우울, 위로, 편안함, 분위기, 생각",감성,[AI 증강]
가을밤 독서 세트,CU,커피,"책, 담요, 스탠드, 쿠키","가을, 밤, 독서, 분위기, 차분, 지적, 감성, 여유",취미,[AI 증강]
새벽 감성 폭발 세트,GS25,라면,"김치, 햇반, 계란, 김","새벽, 감성, 야식, 고독, 허기, 위로, 따뜻함, 눈물",야식,[AI 증강]
퇴근 후 나만의 힐링,세븐일레븐,맥주,"스낵, 영화, 담요, 향초","퇴근, 힐링, 휴식, 자유, 편안, 보상, 위로, 행복",일상,[AI 증강]
만우절 장난 세트,공통,페이크 음식,"가짜 벌레, 장난감, 스티커, 몰래카메라","만우절, 장난, 재미, 웃음, 깜짝, 친구, 행복, 추억",이벤트,[AI 증강]
입대 전 마지막 만찬,CU,햄버거,"치킨, 피자, 라면, 과자","입대, 마지막, 만찬, 슬픔, 아쉬움, 각오, 씩씩함, 친구",특별,[AI 증강]
수능 대박 기원 찹쌀떡 세트,GS25,찹쌀떡,"엿, 초콜릿, 따뜻한 차, 응원 메시지 카드","수능, 시험, 합격, 응원, 격려, 행운, 간절함, 노력",특별,[AI 증강]
봄맞이 벚꽃놀이 세트,세븐일레븐,벚꽃맛 탄산,"주먹밥, 샌드위치, 돗자리, 물티슈","봄, 벚꽃, 피크닉, 설렘, 데이트, 사진, 행복, 추억",계절,[AI 증강]
무더위 탈출 아이스 세트,공통,아이스크림,"얼음컵, 탄산수, 아이스 커피, 부채","여름, 더위, 시원, 청량, 휴식, 에너지, 상쾌함, 행복",계절,[AI 증강]
실패는 성공의 어머니 세트,CU,자판기 커피,"달고나, 초코파이, 에너지바, 격려 편지","실패, 위로, 격려, 재도전, 긍정, 희망, 용기, 극복",일상,[AI 증강]
웃음꽃 활짝 코미디 세트,GS25,팝콘,"콜라, 감자칩, 초콜릿, 코미디 영화 DVD","웃음, 코미디, 행복, 즐거움, 스트레스 해소, 친구, 가족, 긍정",일상,[AI 증강]
새로운 시작 응원 세트,세븐일레븐,비타민,"에너지 드링크, 견과류, 텀블러, 응원 메시지 엽서","새로운 시작, 응원, 격려, 용기, 도전, 성공, 희망, 긍정",일상,[AI 증강]
심야의 괴식 파티,공통,불닭볶음면,"초코우유, 아이스크림, 삼각김밥, 에너지 드링크","괴식, 엽기, 도전, 심야, 재미, 스트레스 해소, 호기심, 중독",괴식,[AI 증강]
악몽 퇴치 세트,CU,드림캐쳐,"따뜻한 우유, 라벤더 향초, 수면 안대, 편안한 음악 CD","악몽, 불안, 편안함, 안정, 휴식, 숙면, 힐링, 위로",일상,[AI 증강]
겨울밤 추억 만들기 세트,GS25,군고구마,"호빵, 핫초코, 귤, 담요","겨울, 추억, 따뜻함, 포근함, 행복, 가족, 친구, 사랑",계절,[AI 증강]
